"Ort","Land","Score","Ø Höchst&shy;temperatur","Ø Sonnen&shy;stunden pro Tag","Tage ohne Niederschlag","Gesamtnieder&shy;schlag in mm"
"Berlin","Deutschland :de:",6.6,-1,7.28467083333333,2,0
"München","Deutschland :de:",7.7,0.75,7.91428472222222,2,0
"Hamburg","Deutschland :de:",6.6,-0.3,7.02505416666667,2,0
"Köln","Deutschland :de:",7.5,6.2,7.38978055555556,1,3.4
"Dresden","Deutschland :de:",7.8,0.55,7.45983611111111,2,0
"Leipzig","Deutschland :de:",6.6,-0.45,7.40056111111111,2,0
"Frankfurt am Main","Deutschland :de:",7.8,2,7.61385555555556,2,0
"Freiburg im Breisgau","Deutschland :de:",7.8,3.65,7.930975,2,0
"Berchtesgaden","Deutschland :de:",7.6,1.25,7.96405694444445,2,0
"Garmisch-Partenkirchen","Deutschland :de:",7.6,3.8,7.99674027777778,2,0
"Binz (Rügen)","Deutschland :de:",7.7,1.15,5.46027222222222,2,0
"Heringsdorf (Usedom)","Deutschland :de:",6.6,-1.3,7.01231805555556,2,0
"Westerland (Sylt)","Deutschland :de:",7.6,1.3,5.11254166666667,2,0
"Wernigerode (Harz)","Deutschland :de:",7.2,0.7,7.31879305555556,2,0
"Cochem (Mosel)","Deutschland :de:",7.9,7.7,7.07500833333333,2,0
"Kempten (Allgäu)","Deutschland :de:",7.6,1.55,7.96405833333333,2,0
"Nürnberg","Deutschland :de:",7.8,1.45,7.70565833333333,2,0
"Münster","Deutschland :de:",8,5.75,7.3400625,2,0
"Stuttgart","Deutschland :de:",7.8,2.35,7.81194722222222,2,0
"Norderney","Deutschland :de:",7.8,2.55,7.1744125,2,0
"Erfurt","Deutschland :de:",7.2,-0.45,7.46036527777778,2,0
"Bremen","Deutschland :de:",7.8,0.8,7.14736111111111,2,0
"Timmendorfer Strand","Deutschland :de:",6.6,-0.6,6.99816111111111,2,0
"Karlsbad","Tschechien :cz:",7.7,0.35,7.59512361111111,2,0
"Enschede","Niederlande :nl:",8,5.9,7.36263472222222,2,0
"Pilsen","Tschechien :cz:",7.8,0.2,7.66929861111111,2,0
"Maastricht","Niederlande :nl:",7.9,7.7,7.54200277777778,2,0
"Giethoorn","Niederlande :nl:",7.7,4.25,7.33649305555556,2,0
"Groningen","Niederlande :nl:",7.7,3.55,7.24514166666667,2,0
"Eindhoven","Niederlande :nl:",7.7,6.05,5.62274027777778,2,0
"Prag","Tschechien :cz:",7.1,0.05,7.61385416666667,2,0
"Luxemburg","Luxemburg :lu:",6.7,3.5,3.83277638888889,1,2.6
"Straßburg","Frankreich :fr:",7.8,2.9,7.84648611111111,2,0
"Amsterdam","Niederlande :nl:",7.6,5,7.36488055555555,2,0
"Dinant","Belgien :be:",7.7,7.35,6.49491527777778,2,0
"Rotterdam","Niederlande :nl:",7.6,5.75,7.49355833333333,2,0
"Antwerpen","Belgien :be:",7.8,6.55,7.62424027777778,2,0
"Zandvoort","Niederlande :nl:",7.6,5.25,7.39014166666667,2,0
"Český Krumlov","Tschechien :cz:",7.1,-0.4,7.81310972222222,2,0
"Terschelling","Niederlande :nl:",7.7,4.65,7.13263055555556,2,0
"Noordwijk","Niederlande :nl:",7.6,5.35,7.39792222222222,2,0
"Bergen aan Zee","Niederlande :nl:",7.7,4.95,7.327225,2,0
"Nancy","Frankreich :fr:",7.8,2.9,7.87384583333333,2,0
"Brüssel","Belgien :be:",7.8,7.25,7.73991527777778,2,0
"Texel","Niederlande :nl:",7.7,4.95,7.19714722222222,2,0
"Scheveningen","Niederlande :nl:",7.7,5.65,7.42333055555556,2,0
"Fåborg","Dänemark :dk:",7.8,1.4,6.99965,2,0
"Salzburg","Österreich :at:",7.6,0.95,7.94756666666667,2,0
"Renesse","Niederlande :nl:",7.8,6.1,7.51949166666667,2,0
"Linz","Österreich :at:",7.7,1.1,7.92838194444444,2,0
"Zürich","Schweiz :ch:",7.8,1.65,8.01293888888889,2,0
"Basel","Schweiz :ch:",7.8,4.15,7.99840416666667,2,0
"Innsbruck","Österreich :at:",7.9,4.7,8.02903888888889,2,0
"Domburg","Niederlande :nl:",7.8,6.4,7.57174027777778,2,0
"Breslau","Polen :pl:",6.6,-2.3,7.56229444444444,2,0
"Køge","Dänemark :dk:",7.8,2.35,6.77970972222222,2,0
"Posen","Polen :pl:",6.5,-2.8,7.21178194444444,2,0
"Zell am See","Österreich :at:",7.7,3.45,8.03117222222222,2,0
"Brügge","Belgien :be:",7.8,6.9,7.68723055555555,2,0
"Hallstatt","Österreich :at:",7.7,2.9,8.04029305555555,2,0
"Luzern","Schweiz :ch:",7.5,2.8,7.99345972222222,2,0
"De Haan","Belgien :be:",7.8,6.9,7.71178055555556,2,0
"Ostende","Belgien :be:",7.8,6.95,7.67115,2,0
"Kopenhagen","Dänemark :dk:",7.8,1.75,6.67903611111111,2,0
"Malmö","Schweden :se:",7.8,2.05,6.58794583333333,2,0
"Brünn","Tschechien :cz:",6.4,-1.6,7.89549722222222,2,0
"Meran","Italien :it:",8.2,8.05,8.10814861111111,2,0
"Bern","Schweiz :ch:",7.9,3.2,8.12954722222222,2,0
"Bornholm","Dänemark :dk:",7.1,0.8,6.66105833333333,2,0
"Aarhus","Dänemark :dk:",7.7,1,6.6717625,2,0
"St. Moritz","Schweiz :ch:",6.6,-0.55,8.13915555555556,2,0
"Hvide Sande","Dänemark :dk:",7.8,1.25,6.57603194444444,2,0
"Interlaken","Schweiz :ch:",7.8,5.95,8.16511666666667,2,0
"Bozen","Italien :it:",8.2,7.35,8.13915555555555,2,0
"Wien","Österreich :at:",6.6,-0.5,8.02024166666667,2,0
"Dijon","Frankreich :fr:",8.1,5.6,8.11779027777778,2,0
"Ostrava","Tschechien :cz:",6.6,-3.9,7.79290972222222,2,0
"Klagenfurt am Wörthersee","Österreich :at:",7.7,0.5,8.23995833333333,2,0
"Riva del Garda","Italien :it:",7.9,8.85,8.2151625,2,0
"Graz","Österreich :at:",7,-0.3,8.18374861111111,2,0
"Le Touquet-Paris-Plage","Frankreich :fr:",7.8,5.6,7.64842361111111,2,0
"Bratislava","Slowakei :sk:",6.5,-0.95,8.006,2,0
"Zermatt","Schweiz :ch:",7.5,2.1,8.33183333333333,2,0
"Bled","Slowenien :si:",7.6,1.9,8.30965555555555,2,0
"Paris","Frankreich :fr:",7.8,5.9,7.91602638888889,2,0
"Norwich","England :gb-eng:",7,3.8,4.11656666666667,1,0.6
"Ipswich","England :gb-eng:",7.5,4.95,5.51534166666667,2,0
"Katowice","Polen :pl:",6.6,-2,7.90312222222222,2,0
"Torri del Benaco","Italien :it:",7.9,6.45,8.24497638888889,2,0
"Genf","Schweiz :ch:",8,6.2,8.26048194444444,2,0
"Sirmione","Italien :it:",7.8,6.85,8.27446666666667,2,0
"Mailand","Italien :it:",7.8,6.75,8.27884305555555,2,0
"Danzig","Polen :pl:",6.6,-2.05,6.66295694444444,2,0
"Maribor","Slowenien :si:",7,0.5,8.21384861111111,2,0
"Ljubljana","Slowenien :si:",7.5,1.35,8.30897361111111,2,0
"Annecy","Frankreich :fr:",8,5.95,8.23022916666667,2,0
"Venedig","Italien :it:",7.9,6.25,8.31075416666667,2,0
"Triest","Italien :it:",7.8,5.75,8.37930833333333,2,0
"Cambridge","England :gb-eng:",7.6,5.25,6.43790972222222,2,0
"Krakau","Polen :pl:",5.4,-7.55,7.72978472222222,2,0
"Skagen","Dänemark :dk:",5.2,-0.45,0,2,0
"London","England :gb-eng:",7.7,6.05,6.1341,2,0
"Göteborg","Schweden :se:",5.8,-1.9,1.17492083333333,2,0
"Brighton","England :gb-eng:",7.8,6.3,7.51528055555556,2,0
"Zakopane","Polen :pl:",6.6,-0.8,7.92587638888889,2,0
"Lyon","Frankreich :fr:",8,6.7,7.95457916666667,2,0
"Bourges","Frankreich :fr:",8,6.1,8.07331805555556,2,0
"Rovinj","Kroatien :hr:",7.6,7.4,8.43521388888889,2,0
"Balaton","Ungarn :hu:",7.2,-0.1,8.07605,2,0
"Zagreb","Kroatien :hr:",7.6,1.4,8.24382222222222,2,0
"Deauville","Frankreich :fr:",7.8,7.35,7.72733194444444,2,0
"Warschau","Polen :pl:",5.5,-10.35,7.42245694444444,2,0
"Hohe Tatra (Tatranská Lomnica)","Slowakei :sk:",7.8,1.55,7.93840833333333,2,0
"Pula","Kroatien :hr:",7.6,7.05,8.44294166666667,2,0
"Budapest","Ungarn :hu:",6.2,-5.05,8.07033194444444,2,0
"Kristiansand","Norwegen :no:",2.8,-2.55,0,1,1.4
"Oxford","England :gb-eng:",7.9,6.45,7.33414305555556,2,0
"Cinque Terre","Italien :it:",8,10.3,8.48239166666667,2,0
"Isle of Wight","England :gb-eng:",7.6,7.45,7.37712638888889,2,0
"Le Mans","Frankreich :fr:",7.8,7.15,7.98304861111111,2,0
"Clermont-Ferrand","Frankreich :fr:",7.9,6.5,8.21623055555555,2,0
"York","England :gb-eng:",7.2,4.25,3.84023194444444,2,0
"Plitvicer Seen","Kroatien :hr:",6,-3.85,8.34435694444445,2,0
"Rimini","Italien :it:",7.4,7.45,8.55737083333333,2,0
"Viareggio","Italien :it:",7.9,9.75,8.56269583333333,2,0
"Birmingham","England :gb-eng:",7.8,5.45,6.73056111111111,2,0
"Florenz","Italien :it:",8,9.6,8.58899583333333,2,0
"Bournemouth","England :gb-eng:",7.6,8.05,6.87960416666667,2,0
"Sanremo","Italien :it:",8,10.55,8.53565555555556,2,0
"Monaco","Monaco :mc:",8.2,11.15,8.50227777777778,2,0
"Bath","England :gb-eng:",5.2,7.45,0.0431722222222222,0,11.7
"Klaipėda","Litauen :lt:",5.4,-10,6.38066805555556,2,0
"Visby (Gotland)","Schweden :se:",5.3,-3.2,0,2,0
"Nizza","Frankreich :fr:",8.2,11.15,8.50227777777778,2,0
"Manchester","England :gb-eng:",7.6,5.75,5.76432222222222,2,0
"Newcastle upon Tyne","England :gb-eng:",7.5,4.6,5.14371805555556,2,0
"Zadar","Kroatien :hr:",7.5,6.8,8.416625,2,0
"Cannes","Frankreich :fr:",8.2,11.55,8.49789722222222,2,0
"Saint Helier","Jersey :je:",7.5,7.8,7.68100277777778,2,0
"Avignon","Frankreich :fr:",8.3,9.65,8.41896388888889,2,0
"Saint-Malo","Frankreich :fr:",7.7,8.4,7.81851527777778,2,0
"Liverpool","England :gb-eng:",5,7.55,0.0445166666666667,0,14.7
"Cardiff","Wales :gb-wls:",5,7.25,0,0,6.3
"Debrecen","Ungarn :hu:",5.6,-5.25,8.14638194444445,2,0
"Windermere (Lake District)","England :gb-eng:",7.2,4.15,3.17561805555556,2,0
"Portoferraio (Elba)","Italien :it:",7.6,11.55,8.79517222222222,2,0
"Oslo","Norwegen :no:",4.2,-4.95,0,2,0
"Marseille","Frankreich :fr:",8.1,11.65,7.62654444444444,1,0.3
"Montpellier","Frankreich :fr:",8.2,11.35,8.48686527777778,2,0
"Calvi","Frankreich :fr:",7.7,12.65,8.68867638888889,2,0
"Novi Sad","Serbien :rs:",7.9,1.25,8.29352083333333,2,0
"Split","Kroatien :hr:",7.2,8.05,8.49881666666667,2,0
"Saint-Nazaire","Frankreich :fr:",7.9,8,8.03088333333333,2,0
"La Rochelle","Frankreich :fr:",7.8,7.55,8.23592222222222,2,0
"Plymouth","England :gb-eng:",7.9,10.05,7.33621527777778,2,0
"Stockholm","Schweden :se:",5.1,-1.35,0,2,0
"Edinburgh","Schottland :gb-sct:",7.4,5.75,4.83267638888889,2,0
"Sarajevo","Bosnien-Herzegowina :ba:",7.1,0.35,8.41526805555556,2,0
"Douglas","Isle of Man :im:",5.7,6.4,3.44518611111111,1,13.8
"Belgrad","Serbien :rs:",7.8,3.15,8.34710277777778,2,0
"Ajaccio","Frankreich :fr:",8,13.7,8.75082638888889,2,0
"Bergen","Norwegen :no:",6.7,-0.35,5.41367777777778,2,0
"Mostar","Bosnien-Herzegowina :ba:",6.8,7.05,8.52566111111111,1,0
"Uppsala","Schweden :se:",5.3,-2.05,0,2,0
"Rom","Italien :it:",7.4,10.85,6.21606527777778,2,0
"Vilnius","Litauen :lt:",4.6,-10.4,1.19622777777778,2,0
"Bordeaux","Frankreich :fr:",8,8.85,8.38716805555556,2,0
"Glasgow","Schottland :gb-sct:",5.8,6.1,3.17773333333333,0,10.5
"Saaremaa","Estland :ee:",5.4,-3.75,0,2,0
"Riga","Lettland :lv:",5.3,-7.95,5.33850416666667,2,0
"Brest","Frankreich :fr:",7.8,9.85,7.74247083333333,2,0
"St Ives","England :gb-eng:",7.7,9.75,7.37676944444445,2,0
"Collioure","Frankreich :fr:",8.1,12.6,8.61905555555555,2,0
"Cadaqués","Spanien :es:",8,12.25,8.63192083333333,2,0
"Dubrovnik","Kroatien :hr:",6.6,8.6,8.59162222222222,1,0
"Belfast","Nordirland :gb-nir:",5.8,4.05,3.43940972222222,1,6.3
"Dublin","Irland :ie:",5.9,5.85,3.53047916666667,0,5.7
"Inverness","Schottland :gb-sct:",5.8,4.4,0,1,2.4
"Olbia","Italien :it:",6.65,12.25,8.91628611111111,1,0
"Andorra la Vella","Andorra :ad:",7.7,6.85,8.61905694444444,2,0
"Kotor","Montenegro :me:",5.85,9.25,8.63042916666667,0,0
"Sibiu","Rumänien :ro:",6,-5.15,8.22838888888889,1,0.3
"Budva","Montenegro :me:",6.8,9.25,8.63042916666667,0,0
"Neapel","Italien :it:",7.6,11.35,8.77604027777778,2,0
"Lloret de Mar","Spanien :es:",8,13.25,8.69534166666667,2,0
"Geiranger","Norwegen :no:",6.9,0.75,4.69089305555556,2,0
"Capri","Italien :it:",5.35,10.95,8.8164375,0,0
"Biarritz","Frankreich :fr:",7.3,9.9,8.53859166666667,2,0
"Bari","Italien :it:",7.4,9.45,7.16075277777778,1,0.5
"Turku","Finnland :fi:",5.9,-3.95,2.39257777777778,2,0
"Barcelona","Spanien :es:",8.1,12.1,8.73268194444444,2,0
"San Sebastián","Spanien :es:",6.9,9.85,8.56005694444444,1,0
"Tallinn","Estland :ee:",6,-4.4,2.58774722222222,2,0
"Cork","Irland :ie:",5.15,7.65,7.41442361111111,1,1.2
"Prizren","Kosovo :xk:",7.4,1.05,8.58120416666667,2,0
"Brașov","Rumänien :ro:",5.9,-4.5,8.24326388888889,1,0.4
"Galway","Irland :ie:",4.6,7.65,7.178025,1,1.2
"Helsinki","Finnland :fi:",5.1,-3.4,0,0,0.9
"Östersund","Schweden :se:",3.9,-7.85,0,2,0
"Trondheim","Norwegen :no:",6.5,-1.8,2.14980138888889,2,0
"Cagliari","Italien :it:",7.8,14.3,7.41856111111111,2,0
"Menorca","Spanien :es:",7.9,13.3,8.87701805555556,2,0
"Sofia","Bulgarien :bg:",6.4,-1.45,8.61557916666667,1,0.2
"Porvoo","Finnland :fi:",5.4,-4.5,0,2,0
"Ohrid","Nordmazedonien :mk:",6.9,1.55,8.69595972222222,1,1
"Berat","Albanien :al:",7.3,10.1,8.7671875,1,0
"Tampere","Finnland :fi:",5.2,-4.85,0,1,0.6
"Bukarest","Rumänien :ro:",6.5,-2.45,8.44535138888889,2,0
"Palma de Mallorca","Spanien :es:",8,13.8,8.87222638888889,2,0
"Gijon","Spanien :es:",6.9,11.1,7.48902361111111,1,0
"Tropea","Italien :it:",6.9,12.9,5.31895694444444,0,0.6
"Saranda","Albanien :al:",6.2,10.8,7.67389444444444,0,0
"Palermo","Italien :it:",7,14.4,7.34748611111111,1,0.3
"Plowdiw","Bulgarien :bg:",6.5,-0.35,8.48560694444445,1,0.2
"Korfu","Griechenland :gr:",6.2,12,8.91057638888889,0,0
"Umeå","Schweden :se:",4.7,-2,0,0,1.6
"Ibiza","Spanien :es:",7.8,13.55,8.98036111111111,2,0
"Thessaloniki","Griechenland :gr:",7.1,5.3,4.41039027777778,1,0.2
"Valencia","Spanien :es:",8.1,12.6,8.72789583333333,1,0.1
"Catania","Italien :it:",7,12.8,3.90514027777778,1,0.4
"Warna","Bulgarien :bg:",7,0.15,8.53803611111111,2,0
"Lefkada","Griechenland :gr:",6.7,12.05,8.76477361111111,1,0
"Madrid","Spanien :es:",8.3,11,8.98601666666667,2,0
"Sonnenstrand","Bulgarien :bg:",6.8,-0.3,8.26429166666667,2,0
"Alicante","Spanien :es:",8.2,13.9,9.0360875,2,0
"Santiago de Compostela","Spanien :es:",7.9,12,8.56849166666667,2,0
"Luleå","Schweden :se:",5,-2.85,0,1,0.1
"Valletta","Malta :mt:",7.7,15.15,9.35544861111111,1,1.3
"Oulu","Finnland :fi:",5.1,-3.65,0,1,0.6
"Athen","Griechenland :gr:",7.1,8.45,4.4911125,1,0.3
"Porto","Portugal :pt:",8.4,14.15,8.75871111111111,2,0
"Istanbul","Türkei :tr:",7.1,6.3,7.66478055555556,1,0.3
"Lofoten","Norwegen :no:",5.7,-0.35,2,2,0
"Almeria","Spanien :es:",5.9,11.25,2.70380277777778,0,15.9
"Rovaniemi","Finnland :fi:",5.1,-4.45,0,1,0.8
"Granada","Spanien :es:",7.7,9.15,8.324625,1,0.8
"Kiruna","Schweden :se:",4,-6.1,0,2,0
"Izmir","Türkei :tr:",7.3,9.05,8.77275138888889,2,0
"Nazaré","Portugal :pt:",8.3,14.2,8.91325138888889,2,0
"Málaga","Spanien :es:",8.3,14.7,9.13635277777778,2,0
"Sevilla","Spanien :es:",8.5,15.7,9.13624444444444,2,0
"Santorini","Griechenland :gr:",7.9,12.95,7.53493333333333,2,0
"Ericeira","Portugal :pt:",8.3,14.15,8.99289444444444,2,0
"Lissabon","Portugal :pt:",8.4,14.5,9.00408055555556,2,0
"Chania","Griechenland :gr:",7.5,14.15,7.17714583333333,0,1.5
"Tromsø","Norwegen :no:",4.7,-6.2,0,2,0
"Bodrum","Türkei :tr:",7.5,13.2,8.42039166666667,2,0
"Cádiz","Spanien :es:",8.3,14.45,9.20432777777778,2,0
"Tarifa","Spanien :es:",7.9,13.95,8.98904027777778,0,0.6
"Faro","Portugal :pt:",8.5,15.1,9.03902638888889,2,0
"Heraklion","Griechenland :gr:",7.8,13.7,6.06547777777778,1,0.9
"Lagos","Portugal :pt:",8.4,15.45,9.14537638888889,2,0
"Rhodos","Griechenland :gr:",7.6,13.5,8.90139444444444,2,0
"Fethiye","Türkei :tr:",8,15.65,9.07059305555556,2,0
"Antalya","Türkei :tr:",7.9,13.5,8.31327638888889,2,0
"Side","Türkei :tr:",7.7,14.2,5.88184027777778,2,0
"Reykjavik","Island :is:",3.2,2.2,1.03085,0,11.7
"Kappadokien","Türkei :tr:",5.7,0.25,5.62498611111111,0,3.3
"Paphos","Zypern :cy:",8.3,15.8,9.05129305555556,1,0.6
"Nikosia","Zypern :cy:",7.9,14.3,7.82036944444444,0,2.1
"Ayia Napa","Zypern :cy:",7.9,14.1,6.44029861111111,1,0.8
"Jönköping","Schweden :se:",5.3,-2.4,0,2,0
"Örebro","Schweden :se:",5.2,-1.55,0,2,0
"Mora","Schweden :se:",4.5,-5.55,0,2,0
