"Ort","Land","Lat","Lon","Ort und Land","Score","Ø Höchst&shy;temperatur","Ø Sonnen&shy;stunden pro Tag","Tage ohne Niederschlag","Gesamtnieder&shy;schlag in mm"
"Berlin","Deutschland",52.510885,13.3989367,"Berlin, Deutschland",5.8,2.8,8.79769166666667,0,0.2
"München","Deutschland",48.1371079,11.5753822,"München, Deutschland",2.4,4,1.63067777777778,0,4.1
"Hamburg","Deutschland",53.550341,10.000654,"Hamburg, Deutschland",6.4,1.3,7.86112777777778,0,0
"Köln","Deutschland",50.938361,6.959974,"Köln, Deutschland",4,4.8,0.192922222222222,0,11.8
"Dresden","Deutschland",51.0493286,13.7381437,"Dresden, Deutschland",6.8,3.6,8.78478055555555,0,0.3
"Leipzig","Deutschland",51.3406321,12.3747329,"Leipzig, Deutschland",6.4,2.6,7.88713611111111,0,1.3
"Frankfurt am Main","Deutschland",50.1106444,8.6820917,"Frankfurt am Main, Deutschland",4.8,4.7,0,0,1.7
"Freiburg im Breisgau","Deutschland",47.9960901,7.8494005,"Freiburg im Breisgau, Deutschland",1,7.1,0,0,1.7
"Berchtesgaden","Deutschland",47.6330221,13.0020051,"Berchtesgaden, Deutschland",2.6,3.5,3.00131666666667,0,4.1
"Garmisch-Partenkirchen","Deutschland",47.4923741,11.0962815,"Garmisch-Partenkirchen, Deutschland",1,4.5,2.50360277777778,0,6.9
"Binz (Rügen)","Deutschland",54.4010291,13.6076477,"Binz (Rügen), Deutschland",7,0.1,8.26896944444444,0,0.5
"Heringsdorf (Usedom)","Deutschland",53.9574755379561,14.1561145382659,"Heringsdorf (Usedom), Deutschland",7.2,0.5,8.12553333333333,0,0.1
"Westerland (Sylt)","Deutschland",54.9064856,8.3071734,"Westerland (Sylt), Deutschland",5.4,2.6,0.215247222222222,0,1.8
"Wernigerode (Harz)","Deutschland",51.8344172,10.7862526,"Wernigerode (Harz), Deutschland",4.1,1.4,7.90075277777778,0,1.1
"Cochem (Mosel)","Deutschland",50.1483916,7.1663195,"Cochem (Mosel), Deutschland",4.2,4.8,0,0,8
"Kempten (Allgäu)","Deutschland",47.7283301033609,10.3134956128828,"Kempten (Allgäu), Deutschland",1,3,0,0,4.9
"Nürnberg","Deutschland",49.453872,11.077298,"Nürnberg, Deutschland",3,2.4,0,0,5.7
"Münster","Deutschland",51.9625101,7.6251879,"Münster, Deutschland",4.4,3.5,0,0,6.6
"Stuttgart","Deutschland",48.7784485,9.1800132,"Stuttgart, Deutschland",1.4,7.1,3.40692777777778,0,2.5
"Norderney","Deutschland",53.7056126,7.1438175,"Norderney, Deutschland",4.4,3.8,0,0,3.2
"Erfurt","Deutschland",50.9777974,11.0287364,"Erfurt, Deutschland",6,3.1,5.63444722222222,0,1.8
"Bremen","Deutschland",53.0758196,8.8071646,"Bremen, Deutschland",6.2,1.2,6.38871666666667,0,1.1
"Timmendorfer Strand","Deutschland",53.9981853,10.7799016,"Timmendorfer Strand, Deutschland",7.2,1.4,8.49408333333333,1,0
"Karlsbad","Tschechien",50.2306216,12.8701437,"Karlsbad, Tschechien",5.8,1.6,6.16090555555555,0,2.9
"Enschede","Niederlande",52.2203520784103,6.89276277399481,"Enschede, Niederlande",5,4.4,0,0,1.8
"Pilsen","Tschechien",49.738291083662,13.373815095209,"Pilsen, Tschechien",6,1.9,5.61785277777778,0,1.8
"Maastricht","Niederlande",50.8512438,5.6909768,"Maastricht, Niederlande",5.2,6.3,2.69208333333333,0,3.6
"Giethoorn","Niederlande",52.741105,6.077431,"Giethoorn, Niederlande",4.8,4.8,0,0,2.5
"Groningen","Niederlande",53.2194889849201,6.56569017951351,"Groningen, Niederlande",4.4,4.1,0,0,7.2
"Eindhoven","Niederlande",51.4380321789511,5.47601718115641,"Eindhoven, Niederlande",4.8,6.3,0.309513888888889,0,5.1
"Prag","Tschechien",50.0874654,14.4212535,"Prag, Tschechien",7,4,8.32660833333333,0,0.6
"Luxemburg","Luxemburg",49.6121816191827,6.12761269146448,"Luxemburg",4,4.8,0.0803055555555556,0,10.3
"Straßburg","Frankreich",48.584614,7.7507127,"Straßburg, Frankreich",1.2,7.7,1.060125,0,1.9
"Amsterdam","Niederlande",52.3730796,4.8924534,"Amsterdam, Niederlande",4.4,5.9,0,0,7.5
"Dinant","Belgien",50.2591813,4.9130588,"Dinant, Belgien",4.6,6.9,1.79376388888889,0,4.3
"Rotterdam","Niederlande",51.9244424,4.47775,"Rotterdam, Niederlande",4.8,6.8,1.50507222222222,0,5.1
"Antwerpen","Belgien",51.2211097,4.3997081,"Antwerpen, Belgien",5.6,7.9,3.16673055555556,0,2.9
"Zandvoort","Niederlande",52.3719838,4.5302209,"Zandvoort, Niederlande",4.8,7,1.31302222222222,0,5.9
"Český Krumlov","Tschechien",48.8106526,14.3150586,"Český Krumlov, Tschechien",6.2,1.9,6.00173333333333,0,1.5
"Terschelling","Niederlande",53.3643463061866,5.21443497127834,"Terschelling, Niederlande",4,6.3,0.264580555555556,0,4.4
"Noordwijk","Niederlande",52.2410856,4.4461969,"Noordwijk, Niederlande",5,6.9,1.45088055555556,0,4.9
"Bergen aan Zee","Niederlande",52.6607662,4.6316645,"Bergen aan Zee, Niederlande",4.6,7.4,0.686247222222222,0,5.2
"Nancy","Frankreich",48.6896465492961,6.18236505173213,"Nancy, Frankreich",1.4,8.8,2.70025,0,1.3
"Brüssel","Belgien",50.8465573,4.351697,"Brüssel, Belgien",5.4,8.1,3.89452222222222,0,4.2
"Texel","Niederlande",53.0543143461686,4.79876535287512,"Texel, Niederlande",4,6.8,1.24940833333333,0,8.2
"Scheveningen","Niederlande",52.1067449,4.2736937,"Scheveningen, Niederlande",5,7.1,2.32225277777778,0,5.8
"Fåborg","Dänemark",55.097087,10.2428246,"Fåborg, Dänemark",6.8,1.9,8.50377777777778,0,1
"Salzburg","Österreich",47.7981346,13.0464806,"Salzburg, Österreich",2.4,3.9,2.88831388888889,0,4.5
"Renesse","Niederlande",51.7311823,3.7719799,"Renesse, Niederlande",6.2,9.4,7.35471388888889,0,3.7
"Linz","Österreich",48.3059078,14.286198,"Linz, Österreich",4.8,3.8,4.94599166666667,0,3.3
"Zürich","Schweiz",47.3744489,8.5410422,"Zürich, Schweiz",1,7.9,1.305775,0,2.5
"Basel","Schweiz",47.5589680548118,7.58875075727046,"Basel, Schweiz",1,8,0.732719444444444,0,1.7
"Innsbruck","Österreich",47.2654296,11.3927685,"Innsbruck, Österreich",3,5.8,6.2649,0,3.5
"Domburg","Niederlande",51.5632141,3.4967277,"Domburg, Niederlande",6.4,9.6,8.69877777777778,0,3
"Breslau","Polen",51.1082644352883,17.0337679840311,"Breslau, Polen",7.4,3.3,8.95571944444444,1,0
"Køge","Dänemark",55.4565009,12.1818964,"Køge, Dänemark",7.4,2.7,8.66540555555556,1,0
"Posen","Polen",52.4082663,16.9335199,"Posen, Polen",7.4,2.2,8.82095555555555,1,0
"Zell am See","Österreich",47.3239636,12.7963165,"Zell am See, Österreich",2.8,3.6,5.5719,0,4.1
"Brügge","Belgien",51.2085526,3.226772,"Brügge, Belgien",6.2,9.9,8.80914444444444,0,3.8
"Hallstatt","Österreich",47.5621698,13.6486697,"Hallstatt, Österreich",3.9,3.4,7.50646666666667,0,3.8
"Luzern","Schweiz",47.0505452,8.3054682,"Luzern, Schweiz",1,7.5,2.01675277777778,0,5.8
"De Haan","Belgien",51.2671194,3.0408427,"De Haan, Belgien",6.2,9.9,8.94358333333333,0,4
"Ostende","Belgien",51.2258565,2.919496,"Ostende, Belgien",6.2,9.9,8.95071944444445,0,3.2
"Kopenhagen","Dänemark",55.6867243,12.5700724,"Kopenhagen, Dänemark",7.6,2,8.62255,1,0
"Malmö","Schweden",55.6052931,13.0001566,"Malmö, Schweden",7.6,2.7,8.60450555555556,1,0
"Brünn","Tschechien",49.1944262292563,16.6077238664507,"Brünn, Tschechien",7,4.1,9.14718888888889,0,0.5
"Meran","Italien",46.6695547,11.1594185,"Meran, Italien",7,7.2,6.53759444444444,0,1.8
"Bern","Schweiz",46.9484742,7.4521749,"Bern, Schweiz",1,7.8,2.10710555555556,0,4.6
"Bornholm","Dänemark",55.1431224,14.9226297,"Bornholm, Dänemark",7.6,2.8,8.50197222222222,1,0
"Aarhus","Dänemark",56.1496278,10.2134046,"Aarhus, Dänemark",7.2,1.8,8.37535555555556,0,0.6
"St. Moritz","Schweiz",46.4978958,9.8392428,"St. Moritz, Schweiz",3.8,-0.8,7.31988611111111,0,4
"Hvide Sande","Dänemark",56.0057884,8.1288435,"Hvide Sande, Dänemark",6.6,1.2,6.191075,0,1.4
"Interlaken","Schweiz",46.6855231,7.8585139,"Interlaken, Schweiz",1,7.1,0.0502527777777778,0,6.2
"Bozen","Italien",46.4984781,11.3547399,"Bozen, Italien",7.2,6.1,7.94836111111111,0,0.6
"Wien","Österreich",48.2083537,16.3725042,"Wien, Österreich",7.6,5.9,8.86038611111111,0,0.3
"Dijon","Frankreich",47.3306482417266,5.04637916570386,"Dijon, Frankreich",2.4,9.3,6.01463888888889,0,0.8
"Ostrava","Tschechien",49.8357051466446,18.2847749462072,"Ostrava, Tschechien",7.2,3.6,9.08176666666667,1,0
"Klagenfurt am Wörthersee","Österreich",46.623943,14.3075976,"Klagenfurt am Wörthersee, Österreich",7.4,2.7,7.48616944444444,0,0.3
"Riva del Garda","Italien",45.8847708,10.8396942,"Riva del Garda, Italien",7.8,9.5,7.393175,0,0.6
"Graz","Österreich",47.0708678,15.4382786,"Graz, Österreich",7.8,3.1,9.35210555555556,1,0
"Le Touquet-Paris-Plage","Frankreich",50.519693648444,1.5869973052921,"Le Touquet-Paris-Plage, Frankreich",5.1,9.4,7.57486944444444,0,0.3
"Bratislava","Slowakei",48.1516988,17.1093063,"Bratislava, Slowakei",7.2,5.1,9.23105,0,1
"Zermatt","Schweiz",46.0212076,7.749254,"Zermatt, Schweiz",1.7,2.1,4.25348333333333,0,7.3
"Bled","Slowenien",46.3684202,14.1100595,"Bled, Slowenien",7.2,3.9,6.98613611111111,0,0.6
"Paris","Frankreich",48.8534951,2.3483915,"Paris, Frankreich",6.6,11,7.05131388888889,0,0
"Norwich","England",52.6303076934772,1.29532126502049,"Norwich, England",7.4,5.6,6.43013055555556,1,0
"Ipswich","England",52.0570559966874,1.15209854040659,"Ipswich, England",7.6,6.5,8.86153055555556,1,0
"Katowice","Polen",50.264663446807,19.0188489472198,"Katowice, Polen",7,0.9,2.195825,1,0
"Torri del Benaco","Italien",45.6094493,10.6873869,"Torri del Benaco, Italien",8,7.7,7.06732777777778,1,0
"Genf","Schweiz",46.2017559,6.1466014,"Genf, Schweiz",1,7.2,1.92801666666667,0,2.1
"Sirmione","Italien",45.465106341539,10.6074284600272,"Sirmione, Italien",8,8.1,7.24323333333333,1,0
"Mailand","Italien",45.4641943,9.1896346,"Mailand, Italien",8,8.1,8.00916388888889,0,0.3
"Danzig","Polen",54.3706858,18.6129831,"Danzig, Polen",7.6,0.9,8.11679166666667,1,0
"Maribor","Slowenien",46.5536194239738,15.6470952284808,"Maribor, Slowenien",8.2,5.2,9.23362777777778,1,0
"Ljubljana","Slowenien",46.0500268,14.5069289,"Ljubljana, Slowenien",7.4,4.8,6.06713055555556,1,0
"Annecy","Frankreich",45.8992348,6.1288847,"Annecy, Frankreich",1,7.5,1.91166111111111,0,6.2
"Venedig","Italien",45.4371908,12.3345898,"Venedig, Italien",7.4,6.4,4.75872222222222,0,0.3
"Triest","Italien",45.651996855795,13.7625166166528,"Triest, Italien",7.4,8.2,5.24738055555556,0,0.3
"Cambridge","England",52.2039079652867,0.123678265263848,"Cambridge, England",7.2,5.9,4.33001111111111,1,0
"Krakau","Polen",50.0619474,19.9368564,"Krakau, Polen",7.6,1.8,9.06555277777778,1,0
"Skagen","Dänemark",57.7259703,10.5844602,"Skagen, Dänemark",7.6,1.3,8.15782222222222,1,0
"London","England",51.4893335,-0.1440551,"London, England",7.8,9,8.9227,1,0
"Göteborg","Schweden",57.7072326,11.9670171,"Göteborg, Schweden",7.4,1.8,8.1564,1,0
"Brighton","England",50.8214626,-0.1400561,"Brighton, England",7.6,9.6,8.473,1,0
"Zakopane","Polen",49.2969114,19.9504753,"Zakopane, Polen",6,-0.8,9.12503333333333,0,0.1
"Lyon","Frankreich",45.7578137,4.8320114,"Lyon, Frankreich",5.6,11.1,9.32947222222222,0,0.8
"Bourges","Frankreich",47.0816637770149,2.3971472645533,"Bourges, Frankreich",2.6,11.4,7.25938333333333,0,0.4
"Rovinj","Kroatien",45.0807411,13.6417282,"Rovinj, Kroatien",7,7.4,5.18383888888889,0,0.6
"Balaton","Ungarn",46.8839313,17.8476796,"Balaton, Ungarn",8,5.1,9.34056388888889,1,0
"Zagreb","Kroatien",45.8130967,15.9772795,"Zagreb, Kroatien",7.8,4.4,9.11333888888889,1,0
"Deauville","Frankreich",49.3575767556172,0.0714877491844544,"Deauville, Frankreich",4.4,11.5,8.45774722222222,0,0.3
"Warschau","Polen",52.2319581,21.0067249,"Warschau, Polen",6.8,-0.5,8.407375,1,0
"Hohe Tatra (Tatranská Lomnica)","Slowakei",49.13815,20.21931,"Hohe Tatra (Tatranská Lomnica), Slowakei",6.2,-1.8,9.15121666666667,1,0
"Pula","Kroatien",44.8702281,13.8455311,"Pula, Kroatien",7,8.8,5.63444444444444,0,0.9
"Budapest","Ungarn",47.4970637896166,19.0389974414942,"Budapest, Ungarn",7.6,4.8,9.29304166666667,1,0
"Kristiansand","Norwegen",58.1471572706719,7.9950701511758,"Kristiansand, Norwegen",7,1,7.944225,0,0.2
"Oxford","England",51.7521094440644,-1.25943310722207,"Oxford, England",7.6,8.2,8.89845833333333,1,0
"Cinque Terre","Italien",44.1222144,9.7132501,"Cinque Terre, Italien",7.6,10.9,7.23827777777778,0,0.1
"Isle of Wight","England",50.6985908387884,-1.29460617388774,"Isle of Wight, England",7.6,10.1,8.938575,1,0
"Le Mans","Frankreich",48.0040247155424,0.196846381986147,"Le Mans, Frankreich",5.6,11.9,8.20364444444444,0,0.6
"Clermont-Ferrand","Frankreich",45.7775124600661,3.08329535096197,"Clermont-Ferrand, Frankreich",5.8,10.4,9.16349166666667,0,0.4
"York","England",53.9613991992233,-1.08076703662315,"York, England",7.4,3.1,8.64305,1,0
"Plitvicer Seen","Kroatien",44.8654878218141,15.5820762694377,"Plitvicer Seen, Kroatien",7.2,1.9,9.07077222222222,0,0.3
"Rimini","Italien",44.0594531009706,12.5690522641146,"Rimini, Italien",7,9.4,3.543725,0,0.3
"Viareggio","Italien",43.8672392,10.2506055,"Viareggio, Italien",7.4,10,5.83620555555556,1,0
"Birmingham","England",52.4788842342774,-1.89786812579122,"Birmingham, England",7.6,7,8.89986111111111,1,0
"Florenz","Italien",43.7697955,11.2556404,"Florenz, Italien",6.2,8.6,0,0,0.3
"Bournemouth","England",50.7214920062153,-1.87307077668799,"Bournemouth, England",7.8,10.2,8.91329166666667,1,0
"Sanremo","Italien",43.8198253,7.7748827,"Sanremo, Italien",8.6,13.1,9.56947222222222,1,0
"Monaco","Monaco",43.7334413733639,7.41993669279883,"Monaco",8.4,16.3,9.58566111111111,0,0.3
"Bath","England",51.3780084716059,-2.35965660980024,"Bath, England",5.2,7.4,1.59094166666667,0,3
"Klaipėda","Litauen",55.7127529,21.1350469,"Klaipėda, Litauen",5.6,-0.1,4.88220833333333,0,0.6
"Visby (Gotland)","Schweden",57.6348041245621,18.2943388532952,"Visby (Gotland), Schweden",6.6,-0.9,8.16494444444444,1,0
"Nizza","Frankreich",43.7009358,7.2683912,"Nizza, Frankreich",8.4,16.3,9.58566111111111,0,0.3
"Manchester","England",53.4794892,-2.2451148,"Manchester, England",7,6.4,8.75209166666667,0,0.3
"Newcastle upon Tyne","England",54.9730244812033,-1.60861921007895,"Newcastle upon Tyne, England",7.4,3.6,8.442025,1,0
"Zadar","Kroatien",44.1168594,15.2353257,"Zadar, Kroatien",7,9.8,6.50391666666667,0,1.8
"Cannes","Frankreich",43.5515198,7.0134418,"Cannes, Frankreich",8.6,17.6,9.59409444444444,0,0.4
"Saint Helier","Jersey",49.2167,-2.13753,"Saint Helier, Jersey",7,10.7,9.08901388888889,0,0.3
"Avignon","Frankreich",43.9492493,4.8059012,"Avignon, Frankreich",8.4,15,9.54149444444444,1,0
"Saint-Malo","Frankreich",48.649518,-2.0260409,"Saint-Malo, Frankreich",6,12.5,9.11390833333333,0,0.8
"Liverpool","England",53.4071991,-2.99168,"Liverpool, England",5.4,8.2,0.629802777777778,0,1.5
"Cardiff","Wales",51.4816546,-3.1791934,"Cardiff, Wales",5.4,9.6,2.24144722222222,0,4.8
"Debrecen","Ungarn",47.5290944086337,21.6264905369519,"Debrecen, Ungarn",7.8,4.2,9.44298333333333,1,0
"Windermere (Lake District)","England",54.3802798094634,-2.90734459300512,"Windermere (Lake District), England",5.8,2.2,8.41565277777778,0,0
"Portoferraio (Elba)","Italien",42.8127815518848,10.3213971426561,"Portoferraio (Elba), Italien",6.8,14.6,3.63653888888889,0,2.1
"Oslo","Norwegen",59.9133301,10.7389701,"Oslo, Norwegen",3.8,-6.4,0,1,0
"Marseille","Frankreich",43.2961743,5.3699525,"Marseille, Frankreich",8.2,15.4,9.194675,1,0
"Montpellier","Frankreich",43.6112422,3.8767337,"Montpellier, Frankreich",8.4,16.2,8.03583055555556,1,0
"Calvi","Frankreich",42.5677079,8.7590528,"Calvi, Frankreich",7.2,14.7,4.54148333333333,0,0.6
"Novi Sad","Serbien",45.2551338,19.8451756,"Novi Sad, Serbien",7.8,5.4,9.657025,1,0
"Split","Kroatien",43.5116383,16.4399659,"Split, Kroatien",6.8,10.8,9.26158611111111,0,2.1
"Saint-Nazaire","Frankreich",47.275366001175,-2.21686084980837,"Saint-Nazaire, Frankreich",6.6,12.3,9.036025,0,1.8
"La Rochelle","Frankreich",46.159732,-1.1515951,"La Rochelle, Frankreich",5.4,12.5,8.69581944444444,0,1.3
"Plymouth","England",50.3661537484487,-4.14975485623161,"Plymouth, England",7.2,8.6,8.82146388888889,1,0
"Stockholm","Schweden",59.3251172,18.0710935,"Stockholm, Schweden",5.6,-8.1,8.00009166666667,1,0
"Edinburgh","Schottland",55.9533456,-3.1883749,"Edinburgh, Schottland",7.4,5.5,8.42736944444444,1,0
"Sarajevo","Bosnien-Herzegowina",43.8519774,18.3866868,"Sarajevo, Bosnien-Herzegowina",7,7.4,9.67635833333333,0,0.5
"Douglas","Isle of Man",54.152299920289,-4.4851686250414,"Douglas, Isle of Man",6.4,7.7,6.31339722222222,0,0.6
"Belgrad","Serbien",44.8178131,20.4568974,"Belgrad, Serbien",7.6,5.7,9.62956666666667,1,0
"Ajaccio","Frankreich",41.9263991,8.7376029,"Ajaccio, Frankreich",6.8,14.5,3.34470833333333,0,1
"Bergen","Norwegen",60.3943055,5.3259192,"Bergen, Norwegen",7,3.2,7.09598611111111,1,0
"Mostar","Bosnien-Herzegowina",43.3435855,17.8076584,"Mostar, Bosnien-Herzegowina",7.2,9.9,9.65536388888889,0,0.8
"Uppsala","Schweden",59.8586126,17.6387436,"Uppsala, Schweden",5.6,-8.5,8.00009444444444,1,0
"Rom","Italien",41.8933203,12.4829321,"Rom, Italien",7.4,10.6,4.113575,1,0
"Vilnius","Litauen",54.6870458,25.2829111,"Vilnius, Litauen",5.8,-0.6,5.05130277777778,0,0.6
"Bordeaux","Frankreich",44.841225,-0.5800364,"Bordeaux, Frankreich",5.2,13.5,1.16346944444444,0,0
"Glasgow","Schottland",55.861155,-4.2501687,"Glasgow, Schottland",4.8,7.1,2.10198333333333,0,8.4
"Saaremaa","Estland",58.27382,22.2771058,"Saaremaa, Estland",5.2,-1.4,1.63764722222222,0,0.2
"Riga","Lettland",56.9493977,24.1051846,"Riga, Lettland",5.6,-0.4,5.47142222222222,0,0.6
"Brest","Frankreich",48.3905283,-4.4860088,"Brest, Frankreich",5.2,11.6,8.91286388888889,0,2.4
"St Ives","England",50.2149064,-5.4795083,"St Ives, England",6.8,9.1,8.70336944444444,0,1.5
"Collioure","Frankreich",42.52505,3.0831554,"Collioure, Frankreich",7.4,13.8,1.48696944444444,1,0
"Cadaqués","Spanien",42.2893484,3.2752159,"Cadaqués, Spanien",7.6,14.2,1.70232777777778,1,0
"Dubrovnik","Kroatien",42.6491029,18.0939501,"Dubrovnik, Kroatien",7.2,10.4,9.746875,0,0.5
"Belfast","Nordirland",54.5975804,-5.9277097,"Belfast, Nordirland",6.4,7.3,5.08816666666667,0,0.6
"Dublin","Irland",53.3493795,-6.2605593,"Dublin, Irland",7.2,8.8,6.31917222222222,1,0
"Inverness","Schottland",57.4790124,-4.225739,"Inverness, Schottland",7,7.4,8.19129166666667,0,1.2
"Olbia","Italien",40.9232659,9.5027442,"Olbia, Italien",8.2,17.6,7.88057777777778,1,0
"Andorra la Vella","Andorra",42.5063185063084,1.52143838753646,"Andorra la Vella, Andorra",6.6,8.4,5.49187222222222,0,0.4
"Kotor","Montenegro",42.4249205,18.7713332,"Kotor, Montenegro",6.8,11.8,9.463825,0,1.9
"Sibiu","Rumänien",45.7973912,24.1519202,"Sibiu, Rumänien",7.6,5,8.88863611111111,1,0
"Budva","Montenegro",42.2885656,18.8419505,"Budva, Montenegro",7,11.8,9.463825,0,1.9
"Neapel","Italien",40.8358846,14.2487679,"Neapel, Italien",6.2,13.7,0,0,0.4
"Lloret de Mar","Spanien",41.6995109112219,2.84230767990933,"Lloret de Mar, Spanien",9,19.2,9.82319722222222,1,0
"Geiranger","Norwegen",62.1006277,7.2058959,"Geiranger, Norwegen",5.8,-0.8,7.445825,1,0
"Capri","Italien",40.5504891322527,14.2434581094189,"Capri, Italien",6.4,13.1,3.11335,0,1.9
"Biarritz","Frankreich",43.4832523,-1.5592776,"Biarritz, Frankreich",2.7,12.7,0,0,5.3
"Bari","Italien",41.1159722415926,16.8715523467793,"Bari, Italien",7.8,13.2,6.44182777777778,0,0.2
"Turku","Finnland",60.4517531,22.2670522,"Turku, Finnland",5.2,-2.8,0,1,0
"Barcelona","Spanien",41.3828939,2.1774322,"Barcelona, Spanien",9,16.9,9.78386944444444,1,0
"San Sebastián","Spanien",43.3224219,-1.9838889,"San Sebastián, Spanien",4,12.7,0.0306833333333333,0,4.4
"Tallinn","Estland",59.4372155,24.7453688,"Tallinn, Estland",4.6,-2.8,0,0,0.8
"Cork","Irland",51.8985136,-8.4726423,"Cork, Irland",7,9.2,8.88101388888889,0,0.6
"Prizren","Kosovo",42.2130151,20.7363339,"Prizren, Kosovo",6.4,7.5,5.88863055555556,0,2.1
"Brașov","Rumänien",45.6525105,25.6105654,"Brașov, Rumänien",6.8,3.3,7.22050277777778,0,0.4
"Galway","Irland",53.2744122,-9.0490601,"Galway, Irland",7,9.3,8.72750833333333,0,0.6
"Helsinki","Finnland",60.1674881,24.9427473,"Helsinki, Finnland",4.4,-3.8,0,0,0.8
"Östersund","Schweden",63.1764516209841,14.6360535585664,"Östersund, Schweden",4.2,-9,0.923075,1,0
"Trondheim","Norwegen",63.4305556561412,10.3946430432563,"Trondheim, Norwegen",5.8,-1.9,7.09448055555556,1,0
"Cagliari","Italien",39.2171994,9.113311,"Cagliari, Italien",8.6,18,9.88118055555556,1,0
"Menorca","Spanien",40.0002915558116,3.83694913822369,"Menorca, Spanien",8.8,17,9.91806666666667,1,0
"Sofia","Bulgarien",42.6977028,23.3217359,"Sofia, Bulgarien",7.4,6.8,9.48058888888889,0,0.6
"Porvoo","Finnland",60.3943748,25.6619265,"Porvoo, Finnland",4.2,-4.3,0,0,1
"Ohrid","Nordmazedonien",41.1170203,20.8017715,"Ohrid, Nordmazedonien",7,7.4,9.47031666666667,0,0.4
"Berat","Albanien",40.7018636,19.9580758,"Berat, Albanien",7,13.1,9.79216388888889,0,1.7
"Tampere","Finnland",61.497087739054,23.7521462279535,"Tampere, Finnland",4,-5.8,0,1,0
"Bukarest","Rumänien",44.4361414,26.1027202,"Bukarest, Rumänien",7.8,8.5,9.21348611111111,1,0
"Palma de Mallorca","Spanien",39.5695818,2.6500745,"Palma de Mallorca, Spanien",9.2,19.2,9.96685,1,0
"Gijon","Spanien",43.5316584992062,-5.6609472423598,"Gijon, Spanien",8,20,5.571,1,0
"Tropea","Italien",38.6752674,15.8948507,"Tropea, Italien",1.6,14.3,4.35790277777778,0,5
"Saranda","Albanien",39.8752198,20.0065258,"Saranda, Albanien",6.4,12.7,9.86645,0,3.3
"Palermo","Italien",38.1112268,13.3524434,"Palermo, Italien",7,15.8,6.59770833333333,0,0.4
"Plowdiw","Bulgarien",42.1418541,24.7499297,"Plowdiw, Bulgarien",7.8,11.4,9.51220555555556,0,0.3
"Korfu","Griechenland",39.6253347638355,19.9220104851372,"Korfu, Griechenland",6.8,13.8,9.90148333333333,0,2.5
"Umeå","Schweden",63.8251647076852,20.2626771929487,"Umeå, Schweden",5.4,-7.6,7.21785833333333,1,0
"Ibiza","Spanien",38.9743901,1.4197463,"Ibiza, Spanien",9.2,18.4,9.98604722222222,1,0
"Thessaloniki","Griechenland",40.6403167,22.9352716,"Thessaloniki, Griechenland",8.4,14.2,9.66960833333333,1,0
"Valencia","Spanien",39.4697065,-0.3763353,"Valencia, Spanien",9.6,22.2,9.87577777777778,1,0
"Catania","Italien",37.5023612,15.0873718,"Catania, Italien",8.2,17.4,9.61938333333333,1,0
"Warna","Bulgarien",43.2073873,27.9166653,"Warna, Bulgarien",7.2,10,9.46506388888889,0,1.2
"Lefkada","Griechenland",38.8333487088844,20.7064809271845,"Lefkada, Griechenland",6.6,13.4,9.825425,0,2.2
"Madrid","Spanien",40.4167047,-3.7035825,"Madrid, Spanien",8.6,17.9,9.71621388888889,1,0
"Sonnenstrand","Bulgarien",42.6892559,27.7060843,"Sonnenstrand, Bulgarien",7.6,12,9.46199722222222,0,0.4
"Alicante","Spanien",38.346030026455,-0.491374159785667,"Alicante, Spanien",9.6,23.1,9.93928611111111,1,0
"Santiago de Compostela","Spanien",42.8788422152051,-8.53863309616042,"Santiago de Compostela, Spanien",2.1,12,0,0,0.2
"Luleå","Schweden",65.5846527615472,22.1563167850797,"Luleå, Schweden",5,-5.2,6.51898055555556,1,0
"Valletta","Malta",35.8989979,14.5136607,"Valletta, Malta",7.4,15.3,6.69577777777778,0,0.6
"Oulu","Finnland",65.0119462747986,25.4647727219167,"Oulu, Finnland",2.4,-6.3,0,0,3.3
"Athen","Griechenland",37.9755648,23.7348324,"Athen, Griechenland",8.4,15.4,9.78050277777778,1,0
"Porto","Portugal",41.1494512,-8.6107884,"Porto, Portugal",4.7,13.1,1.76947222222222,0,0
"Istanbul","Türkei",41.006381,28.9758715,"Istanbul, Türkei",4,11.4,0,0,4.2
"Lofoten","Norwegen",68.1464764991898,13.6109296527354,"Lofoten, Norwegen",6.6,0.2,5.83449444444444,1,0
"Almeria","Spanien",36.8376728403504,-2.46418473944758,"Almeria, Spanien",9.4,18.8,10.0271527777778,1,0
"Rovaniemi","Finnland",66.5029119866617,25.7268200582044,"Rovaniemi, Finnland",2.6,-5.8,0,0,2
"Granada","Spanien",37.1734995,-3.5995337,"Granada, Spanien",9,18.1,10.0072666666667,1,0
"Kiruna","Schweden",67.8556547023916,20.2253338012367,"Kiruna, Schweden",4.8,-7.1,6.00010277777778,1,0
"Izmir","Türkei",38.4229511849681,27.1382155810308,"Izmir, Türkei",3.6,13.8,9.77678611111111,0,3.9
"Nazaré","Portugal",39.6029108,-9.0701572,"Nazaré, Portugal",8.4,15,9.79939444444445,1,0
"Málaga","Spanien",36.7213028,-4.4216366,"Málaga, Spanien",9.4,21.8,10.0337361111111,1,0
"Sevilla","Spanien",37.3886303,-5.9953403,"Sevilla, Spanien",9,18.2,9.99387777777778,1,0
"Santorini","Griechenland",36.4201531413258,25.4321704003784,"Santorini, Griechenland",6,13.8,9.21906944444444,0,2.3
"Ericeira","Portugal",38.9632411,-9.4170802,"Ericeira, Portugal",8.4,15.5,9.95087222222222,1,0
"Lissabon","Portugal",38.7077507,-9.1365919,"Lissabon, Portugal",8.8,17.6,9.90706111111111,1,0
"Chania","Griechenland",35.5120831,24.0191544,"Chania, Griechenland",6.6,15.2,9.67560555555556,0,1.2
"Tromsø","Norwegen",69.6516345,18.9558585,"Tromsø, Norwegen",5.2,-3.3,3.52849166666667,1,0
"Bodrum","Türkei",37.0343987,27.430651,"Bodrum, Türkei",2.6,14.4,9.96886666666667,0,1.5
"Cádiz","Spanien",36.5297438,-6.2928976,"Cádiz, Spanien",9,16.5,10.0402888888889,1,0
"Tarifa","Spanien",36.0129082,-5.6050213,"Tarifa, Spanien",9,16,10.0727083333333,1,0
"Faro","Portugal",37.0162944,-7.935182,"Faro, Portugal",9,17.8,10.0139194444444,1,0
"Heraklion","Griechenland",35.33908,25.1332843,"Heraklion, Griechenland",7,15.4,6.8202,0,1.2
"Lagos","Portugal",37.1027878395464,-8.67310490387623,"Lagos, Portugal",9.2,18.1,10.05395,1,0
"Rhodos","Griechenland",36.4362131686456,28.2181605194688,"Rhodos, Griechenland",4.2,15.6,10.0501638888889,0,2.3
"Fethiye","Türkei",36.6221019,29.1153234,"Fethiye, Türkei",2,14.8,8.70880555555556,0,5.7
"Antalya","Türkei",36.8865728,30.7030242,"Antalya, Türkei",3.7,16.8,10.0063444444444,0,1.2
"Side","Türkei",36.7664439,31.3892197,"Side, Türkei",2.4,17.1,10.0380555555556,0,5.7
"Reykjavik","Island",64.145981,-21.9422367,"Reykjavik, Island",4.8,-3.6,0,1,0
"Kappadokien","Türkei",38.6386753,34.8457712,"Kappadokien, Türkei",7.2,15.1,9.94255277777778,0,1.8
"Paphos","Zypern",34.7743988,32.4231586,"Paphos, Zypern",7.4,18.4,10.1435222222222,0,2.7
"Nikosia","Zypern",35.1746503,33.3638783,"Nikosia, Zypern",8.8,17.4,10.1039333333333,1,0
"Ayia Napa","Zypern",34.9893216,33.9962036,"Ayia Napa, Zypern",8.8,18.4,10.110225,0,0.9
"Jönköping","Schweden",57.7833049519418,14.1626080087675,"Jönköping, Schweden",6.6,-0.6,8.160125,1,0
"Örebro","Schweden",59.274603520377,15.2135488115156,"Örebro, Schweden",6.8,-4.9,8.16954722222222,1,0
"Mora","Schweden",61.00468098833,14.5383891470472,"Mora, Schweden",5.4,-10.4,7.58674166666667,1,0
"Lanzarote","Spanien",28.9661246389444,-13.5552283568526,"Lanzarote, Spanien",9.8,22.8,10.4217805555556,1,0
"Teneriffa","Spanien",28.0592338003348,-16.7263039267903,"Teneriffa, Spanien",9.8,26.7,10.5497361111111,1,0
"Gran Canaria","Spanien",27.7615077117512,-15.5805218192974,"Gran Canaria, Spanien",9.6,27.4,10.5116555555556,1,0
"Fuerteventura","Spanien",28.4976357240559,-13.8614854657313,"Fuerteventura, Spanien",9.6,21.8,10.4427388888889,1,0
"Funchal (Madeira)","Portugal",32.6488981397136,-16.9090958177928,"Funchal (Madeira), Portugal",9.2,17.8,10.2453166666667,1,0
"Ponta Delgada (Azoren)","Portugal",37.7402562316143,-25.6709415177822,"Ponta Delgada (Azoren), Portugal",8.6,17.4,9.42208055555555,1,0
