"Ort","Bundesland","Bezeichnung","Lat","Lon","Score","Ø Höchst&shy;temperatur","Ø Sonnen&shy;stunden pro Tag","Tage ohne Niederschlag","Gesamtnieder&shy;schlag in mm"
"Hamburg","Hamburg","Hamburg",53.550341,10.000654,4.2,8.8,0,0,4.4
"Berlin","Berlin","Berlin",52.510885,13.3989367,5,8.1,0,0,4.9
"Warnemünde","Mecklenburg-Vorpommern","Warnemünde, Mecklenburg-Vorpommern",54.1779039,12.0812875,4.6,2.7,0,0,4.8
"Sankt Peter-Ording","Schleswig-Holstein","Sankt Peter-Ording, Schleswig-Holstein",54.3146777135231,8.60410826459091,5.8,5.7,3.81484166666667,0,2.4
"Timmendorfer Strand","Schleswig-Holstein","Timmendorfer Strand, Schleswig-Holstein",53.9981853,10.7799016,4.8,6.4,0,0,4.2
"Norderney","Niedersachsen","Norderney, Niedersachsen",53.7056126,7.1438175,6.8,7.1,9.337475,0,1.2
"Kühlungsborn","Mecklenburg-Vorpommern","Kühlungsborn, Mecklenburg-Vorpommern",54.1483764,11.7441876,4.6,1.7,0,0,4.9
"Dresden","Sachsen","Dresden, Sachsen",51.0493286,13.7381437,6,10.6,0,0,0.9
"München","Bayern","München, Bayern",48.1371079,11.5753822,7.4,12,6.12420277777778,0,0.9
"Köln","Nordrhein-Westfalen","Köln, Nordrhein-Westfalen",50.938361,6.959974,8.2,13.6,9.58163611111111,1,0
"Binz (Rügen)","Mecklenburg-Vorpommern","Binz (Rügen), Mecklenburg-Vorpommern",54.4010291,13.6076477,4.6,0.3,0.522888888888889,0,6
"Cuxhaven","Niedersachsen","Cuxhaven, Niedersachsen",53.86878,8.698286,5.8,7.9,5.22488055555556,0,2.3
"Leipzig","Sachsen","Leipzig, Sachsen",51.3406321,12.3747329,5.4,9.7,0,0,3.9
"Frankfurt am Main","Hessen","Frankfurt am Main, Hessen",50.1106444,8.6820917,5.4,10.3,0,0,2.9
"Grömitz","Schleswig-Holstein","Grömitz, Schleswig-Holstein",54.1441095,10.9588499,4.4,3,0,0,5.3
"Büsum","Schleswig-Holstein","Büsum, Schleswig-Holstein",54.1298489,8.8586989,5.6,5.7,2.86727777777778,0,2.2
"Borkum","Niedersachsen","Borkum, Niedersachsen",53.5862669,6.6917449,6.8,7.7,9.33155277777778,0,1
"Konstanz","Baden-Württemberg","Konstanz, Baden-Württemberg",47.659216,9.1750718,6.4,9.7,6.290075,0,9.5
"Boltenhagen","Mecklenburg-Vorpommern","Boltenhagen, Mecklenburg-Vorpommern",53.9864246,11.205923,4.6,4.6,0,0,4.5
"Garmisch-Partenkirchen","Bayern","Garmisch-Partenkirchen, Bayern",47.4923741,11.0962815,7.4,8.8,8.25281944444444,0,1.6
"Lübeck","Schleswig-Holstein","Lübeck, Schleswig-Holstein",53.866444,10.684738,4.8,7.5,0,0,4.7
"Waren (Müritz)","Mecklenburg-Vorpommern","Waren (Müritz), Mecklenburg-Vorpommern",53.5156249,12.6850606,4.4,4.2,0,0,5.4
"Berchtesgaden","Bayern","Berchtesgaden, Bayern",47.6330221,13.0020051,8.2,12.1,9.71656666666667,1,0
"Heringsdorf (Usedom)","Mecklenburg-Vorpommern","Heringsdorf (Usedom), Mecklenburg-Vorpommern",53.9583117845254,14.1556338711397,4.6,0.9,0.208191666666667,0,7
"Düsseldorf","Nordrhein-Westfalen","Düsseldorf, Nordrhein-Westfalen",51.2254018,6.7763137,8,13.6,9.56013611111111,1,0
"Rostock","Mecklenburg-Vorpommern","Rostock, Mecklenburg-Vorpommern",54.0886707,12.1400211,4.6,1.9,0,0,4.9
"Lüneburg","Niedersachsen","Lüneburg, Niedersachsen",53.248706,10.407855,5.2,9.9,0.657491666666667,0,1.9
"Scharbeutz","Schleswig-Holstein","Scharbeutz, Schleswig-Holstein",54.026634,10.7559481,4.8,6.4,0,0,4.2
"Travemünde","Schleswig-Holstein","Travemünde, Schleswig-Holstein",53.9563395480557,10.8660828563105,4.8,6.9,0,0,4.4
"Hannover","Niedersachsen","Hannover, Niedersachsen",52.3744779,9.7385532,5.4,10.7,0,0,1.9
"Oberstdorf","Bayern","Oberstdorf, Bayern",47.4104347,10.2774409,6.8,5.2,6.60838611111111,0,2.4
"Stuttgart","Baden-Württemberg","Stuttgart, Baden-Württemberg",48.7784485,9.1800132,5.8,11,0,0,2.5
"Münster","Nordrhein-Westfalen","Münster, Nordrhein-Westfalen",51.9625101,7.6251879,8,12.5,9.4994,1,0
"Potsdam","Brandenburg","Potsdam, Brandenburg",52.4009309,13.0591397,4.8,9.3,0,0,5
"Wismar","Mecklenburg-Vorpommern","Wismar, Mecklenburg-Vorpommern",53.8909832,11.4647932,4.6,3,0,0,4.8
"Norddeich","Niedersachsen","Norddeich, Niedersachsen",53.6209520645092,7.16051439568982,7,10.8,9.400825,0,1.2
"Stralsund","Mecklenburg-Vorpommern","Stralsund, Mecklenburg-Vorpommern",54.3096314,13.0820846,4.4,0.5,0,0,6.3
"Koblenz","Rheinland-Pfalz","Koblenz, Rheinland-Pfalz",50.3533278,7.5943951,8.2,12.7,9.62374444444445,1,0
"Lindau","Bayern","Lindau, Bayern",47.550753,9.6926624,6.8,10.6,6.51089166666667,0,3.9
"Heidelberg","Baden-Württemberg","Heidelberg, Baden-Württemberg",49.4093582,8.694724,5,10.7,0,0,5.3
"Zingst","Mecklenburg-Vorpommern","Zingst, Mecklenburg-Vorpommern",54.4387302,12.6821366,4.4,0.8,0,0,5.2
"Erfurt","Thüringen","Erfurt, Thüringen",50.9777974,11.0287364,5.6,9.9,0.285588888888889,0,2.5
"Juist","Niedersachsen","Juist, Niedersachsen",53.6784483,6.9956079,7.2,10.7,9.400825,0,1.2
"Greetsiel","Niedersachsen","Greetsiel, Niedersachsen",53.4999753,7.0906967,7,11,9.41787777777778,0,1.2
"Heiligenhafen","Schleswig-Holstein","Heiligenhafen, Schleswig-Holstein",54.3717445,10.9809235,4.6,2.3,0,0,4.4
"Füssen","Bayern","Füssen, Bayern",47.5675998,10.6993217,7.2,7.7,7.44984444444444,0,1.8
"Bremen","Bremen","Bremen",53.0758196,8.8071646,4.8,10.1,2.26856666666667,0,2.6
"Kiel","Schleswig-Holstein","Kiel, Schleswig-Holstein",54.3227085,10.135555,4.8,5.8,0,0,3.6
"Bamberg","Bayern","Bamberg, Bayern",49.8916044,10.8868478,5.2,9.8,0,0,3.9
"Freiburg im Breisgau","Baden-Württemberg","Freiburg im Breisgau, Baden-Württemberg",47.9960901,7.8494005,5.4,9.9,0,0,3.7
"Cochem (Mosel)","Rheinland-Pfalz","Cochem (Mosel), Rheinland-Pfalz",50.1483916,7.1663195,8.4,13.2,9.63923611111111,1,0
"Trier","Rheinland-Pfalz","Trier, Rheinland-Pfalz",49.7596208,6.6441878,7.8,12.7,9.66974722222222,1,0
"Ahrenshoop","Mecklenburg-Vorpommern","Ahrenshoop, Mecklenburg-Vorpommern",54.3789509,12.419192,4.4,0.9,0,0,6.2
"Nürnberg","Bayern","Nürnberg, Bayern",49.453872,11.077298,5.4,9.9,0,0,3.4
"Wernigerode (Harz)","Sachsen-Anhalt","Wernigerode (Harz), Sachsen-Anhalt",51.8344172,10.7862526,4.8,8.9,0,0,4.2
"Bremerhaven","Bremen","Bremerhaven",53.5505392,8.5851945,6,10,3.54158888888889,0,1.6
"Görlitz","Sachsen","Görlitz, Sachsen",51.1532076746077,14.9869867830968,5.6,9.6,0,0,1.3
"Zinnowitz","Mecklenburg-Vorpommern","Zinnowitz, Mecklenburg-Vorpommern",54.076647,13.9089471,4.6,0.6,0.566291666666667,0,6.5
"Meersburg","Baden-Württemberg","Meersburg, Baden-Württemberg",47.6955538,9.2719656,6.2,9,5.89695555555556,0,8.3
"Weimar","Thüringen","Weimar, Thüringen",50.9793301,11.3297921,5.4,9.4,0,0,2
"Würzburg","Bayern","Würzburg, Bayern",49.7933506809822,9.93146899481068,5,10.2,0,0,5.3
"Schwerin","Mecklenburg-Vorpommern","Schwerin, Mecklenburg-Vorpommern",53.6288297,11.4148038,4,7.7,0,0,4.7
"Westerland (Sylt)","Schleswig-Holstein","Westerland (Sylt), Schleswig-Holstein",54.9064856,8.3071734,6.8,5.3,5.59798888888889,0,0.8
"Carolinensiel","Niedersachsen","Carolinensiel, Niedersachsen",53.6916344,7.8028095,5.6,9.1,4.56958888888889,0,1.1
"Graal-Müritz","Mecklenburg-Vorpommern","Graal-Müritz, Mecklenburg-Vorpommern",54.2552653,12.2517155,4.6,1.9,0,0,4.8
"Ahlbeck","Mecklenburg-Vorpommern","Ahlbeck, Mecklenburg-Vorpommern",53.940567335526,14.1870203187083,4.6,0.9,0.208191666666667,0,7
"Schönau am Königssee","Bayern","Schönau am Königssee, Bayern",47.6054955,12.9846526,8,10.2,9.76790555555556,0,0.2
"Bad Schandau","Sachsen","Bad Schandau, Sachsen",50.918091,14.1534018,5.8,9,0,0,1.4
"Bad Zwischenahn","Niedersachsen","Bad Zwischenahn, Niedersachsen",53.1801364574887,8.00840837233071,5.4,10.1,4.26896944444445,0,1.7
"Regensburg","Bayern","Regensburg, Bayern",49.0195333,12.0974869,5.6,9.6,0.140030555555556,0,3
"Titisee-Neustadt","Baden-Württemberg","Titisee-Neustadt, Baden-Württemberg",47.9001945340631,8.15217052598511,5.2,6.4,0.621083333333333,0,6.3
"Bernkastel-Kues","Rheinland-Pfalz","Bernkastel-Kues, Rheinland-Pfalz",49.9157398,7.0708181,8,13.5,9.65456944444444,1,0
"Wilhelmshaven","Niedersachsen","Wilhelmshaven, Niedersachsen",53.5278793,8.106301,6.6,10,6.13043888888889,0,0.9
"Husum","Schleswig-Holstein","Husum, Schleswig-Holstein",54.4854137,9.0537941,5.4,5,1.01884444444444,0,2.1
"Dortmund","Nordrhein-Westfalen","Dortmund, Nordrhein-Westfalen",51.5142273,7.4652789,8,12.9,9.53832777777778,1,0
"Neuharlingersiel","Niedersachsen","Neuharlingersiel, Niedersachsen",53.6992698,7.7035695,5.6,9.7,4.96346666666667,0,1.2
"Kassel","Hessen","Kassel, Hessen",51.3157833,9.4978479,5,9.2,0,0,4.4
"Friedrichshafen","Baden-Württemberg","Friedrichshafen, Baden-Württemberg",47.6500279,9.4800858,6.4,10.9,6.34185555555556,0,7.7
"Mainz","Rheinland-Pfalz","Mainz, Rheinland-Pfalz",49.9995205,8.2736253,5.4,10.6,0,0,2.2
"Helgoland","Schleswig-Holstein","Helgoland, Schleswig-Holstein",54.1820608,7.8876314,6.2,4.9,5.76902777777778,0,1
"Mannheim","Baden-Württemberg","Mannheim, Baden-Württemberg",49.4892913,8.4673098,5,11.4,0,0,5.5
"Überlingen","Baden-Württemberg","Überlingen, Baden-Württemberg",47.7664456,9.1605106,6.2,9,5.77934444444444,0,7.5
"Bansin","Mecklenburg-Vorpommern","Bansin, Mecklenburg-Vorpommern",53.9690358,14.1391435,4.6,0.9,0.208191666666667,0,7
"Bensersiel","Niedersachsen","Bensersiel, Niedersachsen",53.6742688,7.574467,7.4,11.2,9.37232777777778,0,0.4
"Bonn","Nordrhein-Westfalen","Bonn, Nordrhein-Westfalen",50.7352621,7.1024635,8.2,14.3,9.594075,1,0
"Karlsruhe","Baden-Württemberg","Karlsruhe, Baden-Württemberg",49.0068705,8.4034195,5.2,10.3,0,0,5.8
"Aachen","Nordrhein-Westfalen","Aachen, Nordrhein-Westfalen",50.776351,6.083862,8,13.4,9.61466666666667,1,0
"Passau","Bayern","Passau, Bayern",48.5748229,13.4609744,7.2,10.3,8.40802777777778,0,1.1
"Flensburg","Schleswig-Holstein","Flensburg, Schleswig-Holstein",54.7833021,9.4333264,5,1.6,0,0,2.1
"Wiesbaden","Hessen","Wiesbaden, Hessen",50.0820384,8.2416556,5.6,9.6,0.0116083333333333,0,2
"Quedlinburg","Sachsen-Anhalt","Quedlinburg, Sachsen-Anhalt",51.7855428,11.1519933,5.8,9.8,0.0315833333333333,0,1.9
"Magdeburg","Sachsen-Anhalt","Magdeburg, Sachsen-Anhalt",52.1315889,11.6399609,5.2,9.4,0,0,3.6
"Bad Reichenhall","Bayern","Bad Reichenhall, Bayern",47.7222676,12.8760923,8,12.7,9.71177222222222,0,0.2
"Goslar","Niedersachsen","Goslar, Niedersachsen",51.9059936,10.4266284,5.4,9.5,1.08171388888889,0,4.1
"Prerow","Mecklenburg-Vorpommern","Prerow, Mecklenburg-Vorpommern",54.445906,12.5660206,4.4,0.8,0,0,5.2
"Baden-Baden","Baden-Württemberg","Baden-Baden, Baden-Württemberg",48.7610716,8.239959,5.2,10.1,0,0,4.6
"Augsburg","Bayern","Augsburg, Bayern",48.3690341,10.8979522,6.8,10.8,5.938525,0,2.1
"Eckernförde","Schleswig-Holstein","Eckernförde, Schleswig-Holstein",54.4716456,9.8374947,5,5.1,0,0,3
"Edersee","Hessen","Edersee, Hessen",51.1873377,8.9925823,4.6,8.9,0,0,5.8
"Rust","Baden-Württemberg","Rust, Baden-Württemberg",48.2659347,7.7263213,5.4,11,0,0,4.2
"Willingen","Hessen","Willingen, Hessen",51.294451454558,8.60517952010764,3.8,6.9,0,0,5.1
"Emden","Niedersachsen","Emden, Niedersachsen",53.3670541,7.2058304,7.2,11.1,9.41490833333333,0,0.6
"Göttingen","Niedersachsen","Göttingen, Niedersachsen",51.5328328,9.9351811,5,9.5,0,0,4.6
"Plau am See","Mecklenburg-Vorpommern","Plau am See, Mecklenburg-Vorpommern",53.4600943,12.2631689,4.2,5.7,0,0,5.3
"Eisenach","Thüringen","Eisenach, Thüringen",50.9747134,10.3193565,4.8,8.9,0,0,3.6
"Wangerooge","Niedersachsen","Wangerooge, Niedersachsen",53.7891528,7.9016018,6.4,9.1,4.56958888888889,0,1.1
"Winterberg","Nordrhein-Westfalen","Winterberg, Nordrhein-Westfalen",51.1930723,8.5338466,4,6.2,0.0592916666666667,0,6
"Rothenburg ob der Tauber","Bayern","Rothenburg ob der Tauber, Bayern",49.3772526,10.1790017,5.2,8.5,0,0,4.9
"Ulm","Baden-Württemberg","Ulm, Baden-Württemberg",48.3984968,9.9912458,6,8.9,2.60163333333333,0,3.2
"Bielefeld","Nordrhein-Westfalen","Bielefeld, Nordrhein-Westfalen",52.0191005,8.531007,5.2,9.6,1.684425,0,1.7
"Bad Neuenahr-Ahrweiler","Rheinland-Pfalz","Bad Neuenahr-Ahrweiler, Rheinland-Pfalz",50.5444551,7.1186671,8.2,14.6,9.60809166666667,1,0
"Schliersee","Bayern","Schliersee, Bayern",47.7345915,11.8620286,7.6,9.2,9.27243888888889,0,1.1
"Essen","Nordrhein-Westfalen","Essen, Nordrhein-Westfalen",51.4582235,7.0158171,8.2,13.1,9.53832777777778,1,0
"Monschau","Nordrhein-Westfalen","Monschau, Nordrhein-Westfalen",50.5544687,6.2407954,7.6,12.7,9.61404166666667,1,0
"Fulda","Hessen","Fulda, Hessen",50.5542328,9.6770448,4.6,8.8,0,0,5
"Ostseebad Sellin","Mecklenburg-Vorpommern","Ostseebad Sellin, Mecklenburg-Vorpommern",54.3770567,13.6942765,3.6,-0.1,1.49075833333333,0,6.5
"Osnabrück","Niedersachsen","Osnabrück, Niedersachsen",52.2770300033127,8.0448701283995,5.8,10.1,1.9547,0,1.4
"Braunschweig","Niedersachsen","Braunschweig, Niedersachsen",52.2646577,10.5236066,5.2,10,0,0,2.4
"Mittenwald","Bayern","Mittenwald, Bayern",47.4429543,11.2655684,7.4,6.8,9.32730555555556,0,1
"Lübbenau","Brandenburg","Lübbenau, Brandenburg",51.8680114,13.9689477,5.4,9.5,0,0,2.6
"Marburg an der Lahn","Hessen","Marburg an der Lahn, Hessen",50.80904,8.77069,4.8,9.1,0,0,7.2
"Dierhagen","Mecklenburg-Vorpommern","Dierhagen, Mecklenburg-Vorpommern",54.2918991,12.351915,4.6,1.9,0,0,4.8
"Oberstaufen","Bayern","Oberstaufen, Bayern",47.5538255,10.0208307,6.6,5,6.67250833333333,0,3.9
"Bad Saarow","Brandenburg","Bad Saarow, Brandenburg",52.2922975,14.0552305,5,8.6,0,0,4.5
"Burg (Spreewald)","Brandenburg","Burg (Spreewald), Brandenburg",51.8363445297827,14.1450314477017,5.2,9.1,0,0,3.1
"Oldenburg","Niedersachsen","Oldenburg, Niedersachsen",53.1389753,8.2146017,5,10.1,3.94262222222222,0,2.8
"Duisburg","Nordrhein-Westfalen","Duisburg, Nordrhein-Westfalen",51.434999,6.759562,8.2,13.2,9.54380833333333,1,0
"Sassnitz","Mecklenburg-Vorpommern","Sassnitz, Mecklenburg-Vorpommern",54.516728,13.644119,3.4,-0.4,0.59865,0,6.2
"Greifswald","Mecklenburg-Vorpommern","Greifswald, Mecklenburg-Vorpommern",54.095791,13.3815238,4.4,0.9,0,0,5.7
"Heiligendamm","Mecklenburg-Vorpommern","Heiligendamm, Mecklenburg-Vorpommern",54.1423664,11.842199,4.6,2.1,0,0,4.9
"Kappeln","Schleswig-Holstein","Kappeln, Schleswig-Holstein",54.6641769,9.9317595,4.6,1.7,0,0,3.8
"Norden","Niedersachsen","Norden, Niedersachsen",53.5942039,7.2067435,7,10.8,9.400825,0,1.2
"Rüdesheim am Rhein","Hessen","Rüdesheim am Rhein, Hessen",49.9789358,7.92339,5.4,10.1,0,0,2.9
"Dießen am Ammersee","Bayern","Dießen am Ammersee, Bayern",47.9477942,11.1049697,7.2,11.4,5.81956944444444,0,1.3
"Halle an der Saale","Sachsen-Anhalt","Halle an der Saale, Sachsen-Anhalt",51.4839373027827,11.9689004021725,5.6,9.8,0,0,2.8
"Schluchsee","Baden-Württemberg","Schluchsee, Baden-Württemberg",47.8185928,8.177035,5.2,5.7,0.621083333333333,0,6.3
"Darmstadt","Hessen","Darmstadt, Hessen",49.872445054744,8.65136715754642,5.2,10.4,0,0,4.5
"Saarbrücken","Saarland","Saarbrücken, Saarland",49.234362,6.996379,4.8,9.5,0,0,7.4
"Rosenheim","Bayern","Rosenheim, Bayern",47.8546503027382,12.1237254893551,7.8,11.1,8.57536666666667,0,0.6
"Celle","Niedersachsen","Celle, Niedersachsen",52.624056,10.081052,5.2,9.9,0,0,2.8
"Speyer","Rheinland-Pfalz","Speyer, Rheinland-Pfalz",49.3165553,8.433615,5,10.6,0,0,5
"Traben-Trarbach","Rheinland-Pfalz","Traben-Trarbach, Rheinland-Pfalz",49.9530436,7.1233159,8,13.5,9.65456944444444,1,0
"Horumersiel","Niedersachsen","Horumersiel, Niedersachsen",53.6858685,8.0098049,6.2,8.9,4.44853888888889,0,1.1
"Bad Kissingen","Bayern","Bad Kissingen, Bayern",50.1999412,10.0767379,5.2,9.9,0,0,3.7
"Bodenmais","Bayern","Bodenmais, Bayern",49.0668258,13.0996367,5,4.8,0.418591666666667,0,7.2
"Braunlage","Niedersachsen","Braunlage, Niedersachsen",51.7264388,10.6100516,4.6,6.3,0,0,6.7
"Herrsching am Ammersee","Bayern","Herrsching am Ammersee, Bayern",47.9992929,11.1748083,7.2,11.4,5.81956944444444,0,1.3
"Kempten (Allgäu)","Bayern","Kempten (Allgäu), Bayern",47.7283301033609,10.3134956128828,6.4,8.6,6.86263888888889,0,5.3
"Wyk auf Föhr","Schleswig-Holstein","Wyk auf Föhr, Schleswig-Holstein",54.6892888,8.5561518,5.4,3.4,2.50005,0,2.5
"Wuppertal","Nordrhein-Westfalen","Wuppertal, Nordrhein-Westfalen",51.264018,7.1780374,7.8,12.1,9.55471388888889,1,0
"Leiwen","Rheinland-Pfalz","Leiwen, Rheinland-Pfalz",49.8219222,6.8813375,8,13.4,9.66470833333333,1,0
"Bayreuth","Bayern","Bayreuth, Bayern",49.9427202,11.5763079,4.8,8.5,0,0,5.4
"Rheinsberg","Brandenburg","Rheinsberg, Brandenburg",53.0983176,12.8910116,4.8,6.1,0,0,4.7
"Ingolstadt","Bayern","Ingolstadt, Bayern",48.7630165,11.4250395,6.2,9.4,2.53206111111111,0,3.5
"Niendorf","Schleswig-Holstein","Niendorf, Schleswig-Holstein",53.9901689283528,10.8291281134518,4.8,6.5,0,0,4.2
"Paderborn","Nordrhein-Westfalen","Paderborn, Nordrhein-Westfalen",51.7177044,8.752653,5,10,0,0,4.3
"Prien am Chiemsee","Bayern","Prien am Chiemsee, Bayern",47.8541669,12.3455493,8,10.7,8.58251388888889,0,0.3
"Bad Kreuznach","Rheinland-Pfalz","Bad Kreuznach, Rheinland-Pfalz",49.8490413,7.8626661,5.2,10.1,0,0,4.4
"Jena","Thüringen","Jena, Thüringen",50.9281717,11.5879359,5.8,9.7,0,0,1
"Zell (Mosel)","Rheinland-Pfalz","Zell (Mosel), Rheinland-Pfalz",50.0275681,7.1813233,8,13.8,9.64947777777778,1,0
"Pirna","Sachsen","Pirna, Sachsen",50.9616923,13.9386643,5.8,9.6,0,0,1.2
"Bochum","Nordrhein-Westfalen","Bochum, Nordrhein-Westfalen",51.4818111,7.2196635,8,12.9,9.53832777777778,1,0
"Laboe","Schleswig-Holstein","Laboe, Schleswig-Holstein",54.4022528,10.2256616,4.6,3.7,0,0,3.4
"Chemnitz","Sachsen","Chemnitz, Sachsen",50.8323531,12.918914,5.4,9.2,0,0,2.1
"Grainau","Bayern","Grainau, Bayern",47.4753212,11.0259498,7.2,8.4,7.61186111111111,0,1.6
"Limburg an der Lahn","Hessen","Limburg an der Lahn, Hessen",50.3884045153577,8.0629087965473,4.4,10.4,0,0,6
"Leer","Niedersachsen","Leer, Niedersachsen",53.2308882349724,7.46001541088294,7.4,11.6,9.42141111111111,0,0.4
"Bad Harzburg","Niedersachsen","Bad Harzburg, Niedersachsen",51.88286088265,10.5590793195608,5.4,9.8,1.52988611111111,0,3.8
"Hopfen am See","Bayern","Hopfen am See, Bayern",47.6083038,10.6773587,7.2,7.7,7.44984444444444,0,1.8
"Hohwacht (Ostsee)","Schleswig-Holstein","Hohwacht (Ostsee), Schleswig-Holstein",54.32078,10.67021,4.6,2.7,0,0,4.6
"Heilbronn","Baden-Württemberg","Heilbronn, Baden-Württemberg",49.142291,9.218655,5.8,11.1,0,0,1.8
"Schwangau","Bayern","Schwangau, Bayern",47.576803,10.7373475,7.2,8.5,7.92208888888889,0,1.3
"Tegernsee","Bayern","Tegernsee, Bayern",47.7099191,11.7543337,7.6,9.9,8.99765555555556,0,1.1
"Wustrow","Mecklenburg-Vorpommern","Wustrow, Mecklenburg-Vorpommern",54.3485481,12.3947297,4.4,1.5,0,0,5.1
"Hildesheim","Niedersachsen","Hildesheim, Niedersachsen",52.1527188,9.9518083,5.2,10.2,0,0,2.2
"Kurort Oybin","Sachsen","Kurort Oybin, Sachsen",50.8420861,14.74301,5.4,7.4,0,0,1.7
"Murnau am Staffelsee","Bayern","Murnau am Staffelsee, Bayern",47.6778816,11.2011903,7.4,10.6,7.70048888888889,0,1
"Senftenberg","Brandenburg","Senftenberg, Brandenburg",51.5191742,14.0046541,5.2,9.3,0,0,3.4
"Bad Salzuflen","Nordrhein-Westfalen","Bad Salzuflen, Nordrhein-Westfalen",52.0771518,8.7554739,5,10,0.555958333333333,0,1.5
"Hann. Münden","Niedersachsen","Hann. Münden, Niedersachsen",51.4161908,9.6550096,5,9.4,0,0,4.4
"Hagnau am Bodensee","Baden-Württemberg","Hagnau am Bodensee, Baden-Württemberg",47.6749642,9.3161678,6.4,10,6.38900555555556,0,9.5
"Langenargen","Baden-Württemberg","Langenargen, Baden-Württemberg",47.5994365,9.5381305,6.4,11,6.34185555555556,0,7.7
"Wolfsburg","Niedersachsen","Wolfsburg, Niedersachsen",52.4205588,10.7861682,5.2,9.8,0,0,2.8
"Rerik","Mecklenburg-Vorpommern","Rerik, Mecklenburg-Vorpommern",54.1067652,11.6171165,4.6,1.6,0,0,4.9
"Hameln","Niedersachsen","Hameln, Niedersachsen",52.1039941,9.3561569,5.4,10.9,0.855961111111111,0,2.1
"Möhnesee","Nordrhein-Westfalen","Möhnesee, Nordrhein-Westfalen",51.4972173527814,8.12935256996022,4.4,9.2,0.532138888888889,0,5.8
"Schillig","Niedersachsen","Schillig, Niedersachsen",53.7033668,8.0235529,6.2,8.9,4.44853888888889,0,1.1
"Rathen","Sachsen","Rathen, Sachsen",50.958235,14.0824651,5.8,9,0,0,1.4
"Meißen","Sachsen","Meißen, Sachsen",51.1630871,13.4704939,5.6,10.3,0,0,1.2
"Rottach-Egern","Bayern","Rottach-Egern, Bayern",47.6909599,11.7707109,7.6,9.9,8.99765555555556,0,1.1
"Eltville am Rhein","Hessen","Eltville am Rhein, Hessen",50.0275441,8.1189741,5.6,9.7,0.010375,0,2.3
"Bad Muskau","Sachsen","Bad Muskau, Sachsen",51.5470046,14.7215146,5,8.7,0,0,3.2
"Boppard","Rheinland-Pfalz","Boppard, Rheinland-Pfalz",50.2312823,7.5885884,8.4,13.7,9.63408888888889,1,0
"Bad Tölz","Bayern","Bad Tölz, Bayern",47.7610013,11.559607,7.6,10.5,8.53979722222222,0,1.1
"Xanten","Nordrhein-Westfalen","Xanten, Nordrhein-Westfalen",51.661519,6.4543203,8.2,13.4,9.55917777777778,1,0
"Dahme","Schleswig-Holstein","Dahme, Schleswig-Holstein",54.2241115621384,11.0833423613602,4.4,3,0,0,5.3
"Ruhpolding","Bayern","Ruhpolding, Bayern",47.7620099,12.6459934,8,10.1,9.44590555555556,0,0.2
"Stade","Niedersachsen","Stade, Niedersachsen",53.599794,9.475438,4.6,9.1,0.282891666666667,0,2.6
"Dangast","Niedersachsen","Dangast, Niedersachsen",53.446,8.11942,6.6,10,6.13043888888889,0,0.9
"Oberhausen","Nordrhein-Westfalen","Oberhausen, Nordrhein-Westfalen",51.4696137,6.8514435,8.2,13.2,9.53832777777778,1,0
"Gießen","Hessen","Gießen, Hessen",50.5862066,8.6742306,5,9.7,0.0637972222222222,0,5.7
"Siegen","Nordrhein-Westfalen","Siegen, Nordrhein-Westfalen",50.872468858478,8.01724006147392,3.4,8.9,0,0,9.9
"Hüde (Dümmer)","Niedersachsen","Hüde (Dümmer), Niedersachsen",52.4957057182991,8.35702257955932,5.2,10.1,2.0046,0,1.5
"Tübingen","Baden-Württemberg","Tübingen, Baden-Württemberg",48.521979326383,9.05314167762481,5.8,10.2,0.217622222222222,0,4
"Schneverdingen (Lüneburger Heide)","Niedersachsen","Schneverdingen (Lüneburger Heide), Niedersachsen",53.1176969304136,9.79886928393745,5.2,9.3,0.345761111111111,0,2
"Landshut","Bayern","Landshut, Bayern",48.5422055020111,12.1340525008621,6.8,10.9,5.11289444444444,0,2.8
"Beilngries (Altmühltal)","Bayern","Beilngries (Altmühltal), Bayern",49.0351626271635,11.4697158093024,5.4,8.9,0,0,2.9
"Oberwiesenthal","Sachsen","Oberwiesenthal, Sachsen",50.4187418658363,12.967370358626,4.8,4.5,0,0,3
"Baltrum","Niedersachsen","Baltrum, Niedersachsen",53.7281738001376,7.37036440393553,7.2,10.8,9.38261944444444,0,0.6
"Langeoog","Niedersachsen","Langeoog, Niedersachsen",53.7467330992247,7.48134306203962,7.2,10.8,9.38261944444444,0,0.6
"Spiekeroog","Niedersachsen","Spiekeroog, Niedersachsen",53.7702849677092,7.69316704137735,5.6,9.1,4.56958888888889,0,1.1
"Amrum","Schleswig-Holstein","Amrum, Schleswig-Holstein",54.6578086445194,8.34173455299789,5.8,3.9,3.73606111111111,0,2.5
"Pellworm","Schleswig-Holstein","Pellworm, Schleswig-Holstein",54.5303839848622,8.65633156877291,5.4,3.7,2.95427777777778,0,2.8
"Tangermünde","Sachsen-Anhalt","Tangermünde, Sachsen-Anhalt",52.5495571740673,11.9672024763568,5.2,8.9,0.8058,0,4.8
"Kaiserslautern","Rheinland-Pfalz","Kaiserslautern, Rheinland-Pfalz",49.4391520171103,7.74128080371198,4.6,8.8,0,0,8.2
"Neustadt an der Weinstraße","Rheinland-Pfalz","Neustadt an der Weinstraße, Rheinland-Pfalz",49.3527633909622,8.13483094557629,5,10.5,0,0,7.2
"Meppen","Niedersachsen","Meppen, Niedersachsen",52.6908749099231,7.29166504274259,7.6,12.7,9.46364166666667,0,0.2
"Wittenberge","Brandenburg","Wittenberge, Brandenburg",52.9945813766268,11.7557975013472,5.2,9.1,0,0,4.2
"Frankfurt (Oder)","Brandenburg","Frankfurt (Oder), Brandenburg",52.3433973213344,14.5533251747465,5,8.3,0,0,3.4
"Daun (Eifel)","Rheinland-Pfalz","Daun (Eifel), Rheinland-Pfalz",50.1960103370026,6.83378445768663,8,10.8,9.63409166666667,1,0
"Fehmarn","Schleswig-Holstein","Fehmarn, Schleswig-Holstein",54.4372,11.1973,4.4,1.8,0,0,5.3
"Hooksiel","Niedersachsen","Hooksiel, Niedersachsen",53.6277573442887,8.02759247020507,6.4,9.3,5.74286388888889,0,1.3
"Tossens","Niedersachsen","Tossens, Niedersachsen",53.5756207138559,8.25178008721835,6.2,8.9,5.49708333333333,0,0.9
"Dorum-Neufeld","Niedersachsen","Dorum-Neufeld, Niedersachsen",53.7370373987849,8.51644528263841,5.8,7.8,4.85395277777778,0,2.1
"Nordstrand","Schleswig-Holstein","Nordstrand, Schleswig-Holstein",54.4919,8.8467,5.8,6.7,2.787475,0,1.9
"Glowe","Mecklenburg-Vorpommern","Glowe, Mecklenburg-Vorpommern",54.5677,13.4514,3.4,-0.2,0.59865,0,6.2
"Baabe","Mecklenburg-Vorpommern","Baabe, Mecklenburg-Vorpommern",54.3631031374363,13.706955244393,3.6,-0.1,1.49075833333333,0,6.5
"Thiessow","Mecklenburg-Vorpommern","Thiessow, Mecklenburg-Vorpommern",54.2783849535508,13.7157015102308,4.8,0.2,1.49453611111111,0,6.5
"Lubmin","Mecklenburg-Vorpommern","Lubmin, Mecklenburg-Vorpommern",54.1354,13.6146,4.4,0.7,0,0,6.1
"Reit im Winkl","Bayern","Reit im Winkl, Bayern",47.6773489563139,12.4699061352574,7.6,7.3,9.44526666666667,0,0.7
"Oberammergau","Bayern","Oberammergau, Bayern",47.5987,11.0634,7.2,8.9,7.44295,0,1.3
"Bad Wiessee","Bayern","Bad Wiessee, Bayern",47.7115,11.7254,7.6,9.9,8.99765555555556,0,1.1
"Lenggries","Bayern","Lenggries, Bayern",47.6836,11.5679,7.6,10.4,8.53979722222222,0,1.1
"Dinkelsbühl","Bayern","Dinkelsbühl, Bayern",49.0687,10.3214,5.2,8.8,0,0,4
"Schwäbisch Hall","Baden-Württemberg","Schwäbisch Hall, Baden-Württemberg",49.1124,9.7392,5.4,9.6,0,0,3.1
"Plön","Schleswig-Holstein","Plön, Schleswig-Holstein",54.1626,10.4215,4.6,4.9,0,0,4.6
"Malchow","Mecklenburg-Vorpommern","Malchow, Mecklenburg-Vorpommern",53.474410357379,12.4261094776683,4.4,4.9,0,0,5.3
"Mirow","Mecklenburg-Vorpommern","Mirow, Mecklenburg-Vorpommern",53.2765361365924,12.8106031893074,4.6,5.2,0,0,5.4
"Neustrelitz","Mecklenburg-Vorpommern","Neustrelitz, Mecklenburg-Vorpommern",53.3605,13.0734,4.4,4.2,0,0,5
"Neubrandenburg","Mecklenburg-Vorpommern","Neubrandenburg, Mecklenburg-Vorpommern",53.5566,13.2612,3.2,2,0,0,6.1
"Bad Mergentheim","Baden-Württemberg","Bad Mergentheim, Baden-Württemberg",49.4925,9.7736,5.2,10,0,0,5.5
"Bad Wimpfen","Baden-Württemberg","Bad Wimpfen, Baden-Württemberg",49.2298,9.1571,5.6,10.3,0,0,2.5
"Saalfeld","Thüringen","Saalfeld, Thüringen",50.6481,11.3672,5.4,9.5,0,0,2.2
"Wandlitz","Brandenburg","Wandlitz, Brandenburg",52.7505,13.4523,4.6,7.3,0,0,5.2
"Ramsau","Bayern","Ramsau, Bayern",47.6072716372704,12.8976367115162,8,9.5,9.693225,0,0.2
"Born a. Darß","Mecklenburg-Vorpommern","Born a. Darß, Mecklenburg-Vorpommern",54.3820440085908,12.5249920620039,4.4,0.8,0,0,5.2
"Putgarten","Mecklenburg-Vorpommern","Putgarten, Mecklenburg-Vorpommern",54.672676968303,13.4157515390357,4.6,0.1,0.583825,0,6.1
