"Ort","Bundesland","Bezeichnung","Kürzel","Score","Ø Höchst&shy;temperatur","Ø Sonnen&shy;stunden pro Tag","Tage ohne Niederschlag","Gesamtnieder&shy;schlag in mm"
"Hamburg","Hamburg","Hamburg","(HH)",7.26666666666667,12.1333333333333,7.55736203703704,2,0.9
"Berlin","Berlin","Berlin","(BE)",7.26666666666667,11.5666666666667,4.38079351851852,1,0.8
"Warnemünde","Mecklenburg-Vorpommern","Warnemünde, Mecklenburg-Vorpommern","(MV)",7.8,10.9666666666667,7.37231666666667,2,0.4
"Sankt Peter-Ording","Schleswig-Holstein","Sankt Peter-Ording, Schleswig-Holstein","(SH)",7.33333333333333,7.93333333333333,8.97666018518519,2,0.3
"Timmendorfer Strand","Schleswig-Holstein","Timmendorfer Strand, Schleswig-Holstein","(SH)",7.66666666666667,12.2,7.95029166666667,2,0.9
"Norderney","Niedersachsen","Norderney, Niedersachsen","(NI)",4.63333333333333,7.2,9.02076018518519,1,4.9
"Kühlungsborn","Mecklenburg-Vorpommern","Kühlungsborn, Mecklenburg-Vorpommern","(MV)",7.66666666666667,9.93333333333333,7.75303240740741,2,0.5
"Dresden","Sachsen","Dresden, Sachsen","(SN)",6.86666666666667,11.2666666666667,5.57827777777778,1,3.3
"München","Bayern","München, Bayern","(BY)",6.53333333333333,8.9,6.71969722222222,1,8.8
"Köln","Nordrhein-Westfalen","Köln, Nordrhein-Westfalen","(NW)",3.7,9.13333333333333,5.21304907407407,1,8.6
"Binz (Rügen)","Mecklenburg-Vorpommern","Binz (Rügen), Mecklenburg-Vorpommern","(MV)",7.8,10.2,7.69873796296296,2,0.4
"Cuxhaven","Niedersachsen","Cuxhaven, Niedersachsen","(NI)",7.33333333333333,9.2,8.70943425925926,2,0.6
"Leipzig","Sachsen","Leipzig, Sachsen","(SN)",7.4,11.8,6.01202962962963,2,0.7
"Frankfurt am Main","Hessen","Frankfurt am Main, Hessen","(HE)",7.73333333333333,12.4666666666667,7.69925648148148,2,0.9
"Grömitz","Schleswig-Holstein","Grömitz, Schleswig-Holstein","(SH)",7.53333333333333,11.2333333333333,8.00371018518518,2,0.6
"Büsum","Schleswig-Holstein","Büsum, Schleswig-Holstein","(SH)",7.4,7.93333333333333,8.9737212962963,2,0.6
"Borkum","Niedersachsen","Borkum, Niedersachsen","(NI)",6.73333333333333,7.43333333333333,9.29622222222222,1,4.5
"Konstanz","Baden-Württemberg","Konstanz, Baden-Württemberg","(BW)",6.73333333333333,9.96666666666667,6.13201759259259,0,7.4
"Boltenhagen","Mecklenburg-Vorpommern","Boltenhagen, Mecklenburg-Vorpommern","(MV)",7.8,11.3,8.0372287037037,2,0.3
"Garmisch-Partenkirchen","Bayern","Garmisch-Partenkirchen, Bayern","(BY)",6,7.46666666666667,6.7362037037037,1,23
"Lübeck","Schleswig-Holstein","Lübeck, Schleswig-Holstein","(SH)",7.53333333333333,11.9333333333333,7.89696944444445,2,0.9
"Waren (Müritz)","Mecklenburg-Vorpommern","Waren (Müritz), Mecklenburg-Vorpommern","(MV)",7.33333333333333,11.0333333333333,6.3969,2,0.6
"Berchtesgaden","Bayern","Berchtesgaden, Bayern","(BY)",4.76666666666667,8.46666666666667,5.13173611111111,1,11.9
"Heringsdorf (Usedom)","Mecklenburg-Vorpommern","Heringsdorf (Usedom), Mecklenburg-Vorpommern","(MV)",7.4,10.1666666666667,5.37020648148148,1,0.6
"Düsseldorf","Nordrhein-Westfalen","Düsseldorf, Nordrhein-Westfalen","(NW)",3.46666666666667,9.33333333333333,5.24986666666667,1,8.1
"Rostock","Mecklenburg-Vorpommern","Rostock, Mecklenburg-Vorpommern","(MV)",7.73333333333333,11.3333333333333,7.39251759259259,2,0.4
"Lüneburg","Niedersachsen","Lüneburg, Niedersachsen","(NI)",7.53333333333333,12.4666666666667,7.58389722222222,2,0.6
"Scharbeutz","Schleswig-Holstein","Scharbeutz, Schleswig-Holstein","(SH)",7.66666666666667,12.2,7.95029166666667,2,0.9
"Travemünde","Schleswig-Holstein","Travemünde, Schleswig-Holstein","(SH)",7.73333333333333,12.3333333333333,7.98648796296296,2,0.6
"Hannover","Niedersachsen","Hannover, Niedersachsen","(NI)",7.26666666666667,12.6,6.68944444444444,2,0.6
"Oberstdorf","Bayern","Oberstdorf, Bayern","(BY)",5.86666666666667,6.03333333333333,6.2418537037037,1,27.6
"Stuttgart","Baden-Württemberg","Stuttgart, Baden-Württemberg","(BW)",7.46666666666667,11.0666666666667,7.87963148148148,2,1.6
"Münster","Nordrhein-Westfalen","Münster, Nordrhein-Westfalen","(NW)",5,9.43333333333333,7.83814722222222,1,4.5
"Potsdam","Brandenburg","Potsdam, Brandenburg","(BB)",7.66666666666667,11.7,6.82774814814815,3,0
"Wismar","Mecklenburg-Vorpommern","Wismar, Mecklenburg-Vorpommern","(MV)",7.8,11.3,8.0355037037037,2,0.3
"Norddeich","Niedersachsen","Norddeich, Niedersachsen","(NI)",4.63333333333333,8.06666666666667,9.06429907407407,1,7.4
"Stralsund","Mecklenburg-Vorpommern","Stralsund, Mecklenburg-Vorpommern","(MV)",7.66666666666667,10.8333333333333,7.10540833333333,2,0.4
"Koblenz","Rheinland-Pfalz","Koblenz, Rheinland-Pfalz","(RP)",5.63333333333333,9.26666666666667,6.90600462962963,0,13.7
"Lindau","Bayern","Lindau, Bayern","(BY)",6.26666666666667,9.43333333333333,5.71848611111111,0,15
"Heidelberg","Baden-Württemberg","Heidelberg, Baden-Württemberg","(BW)",7.8,13.2666666666667,7.229925,2,1.2
"Zingst","Mecklenburg-Vorpommern","Zingst, Mecklenburg-Vorpommern","(MV)",7.73333333333333,10.6,7.05188333333333,2,0.4
"Erfurt","Thüringen","Erfurt, Thüringen","(TH)",7.26666666666667,11.0333333333333,6.65864259259259,0,2.1
"Juist","Niedersachsen","Juist, Niedersachsen","(NI)",6.86666666666667,8,9.06429907407407,1,7.4
"Greetsiel","Niedersachsen","Greetsiel, Niedersachsen","(NI)",4.5,8.33333333333333,9.45818888888889,0,8.2
"Heiligenhafen","Schleswig-Holstein","Heiligenhafen, Schleswig-Holstein","(SH)",7.46666666666667,10.6333333333333,7.29134722222222,2,0.9
"Füssen","Bayern","Füssen, Bayern","(BY)",6,6.66666666666667,6.82753425925926,1,14.4
"Bremen","Bremen","Bremen","(HB)",7.46666666666667,11.9666666666667,7.63402314814815,2,0.9
"Kiel","Schleswig-Holstein","Kiel, Schleswig-Holstein","(SH)",7.6,11.7,8.47522777777778,2,0.9
"Bamberg","Bayern","Bamberg, Bayern","(BY)",6.8,10.5,5.33513055555556,1,3.7
"Freiburg im Breisgau","Baden-Württemberg","Freiburg im Breisgau, Baden-Württemberg","(BW)",7.33333333333333,11.2,7.71709259259259,0,5.8
"Cochem (Mosel)","Rheinland-Pfalz","Cochem (Mosel), Rheinland-Pfalz","(RP)",5.26666666666667,9.16666666666667,6.14601574074074,0,9.4
"Trier","Rheinland-Pfalz","Trier, Rheinland-Pfalz","(RP)",4.3,8.9,6.41178796296296,0,8.7
"Ahrenshoop","Mecklenburg-Vorpommern","Ahrenshoop, Mecklenburg-Vorpommern","(MV)",7.73333333333333,8.83333333333333,7.38939074074074,2,0.4
"Nürnberg","Bayern","Nürnberg, Bayern","(BY)",6.86666666666667,10.3,5.96914814814815,1,3.8
"Wernigerode (Harz)","Sachsen-Anhalt","Wernigerode (Harz), Sachsen-Anhalt","(ST)",6.93333333333333,9.6,7.49431666666667,1,2.1
"Bremerhaven","Bremen","Bremerhaven","(HB)",7.46666666666667,10.9666666666667,8.27633148148148,2,0.6
"Görlitz","Sachsen","Görlitz, Sachsen","(SN)",7.06666666666667,10.0333333333333,4.84894814814815,1,1.2
"Zinnowitz","Mecklenburg-Vorpommern","Zinnowitz, Mecklenburg-Vorpommern","(MV)",7.6,10.1,6.240775,3,0
"Meersburg","Baden-Württemberg","Meersburg, Baden-Württemberg","(BW)",6.73333333333333,10.3333333333333,6.15766111111111,0,4.6
"Weimar","Thüringen","Weimar, Thüringen","(TH)",7.4,10.8,5.8379537037037,2,0.6
"Würzburg","Bayern","Würzburg, Bayern","(BY)",7.53333333333333,11.6666666666667,6.60578611111111,2,1.4
"Schwerin","Mecklenburg-Vorpommern","Schwerin, Mecklenburg-Vorpommern","(MV)",7.8,11.4666666666667,8.6631462962963,2,0.3
"Westerland (Sylt)","Schleswig-Holstein","Westerland (Sylt), Schleswig-Holstein","(SH)",7.33333333333333,6.13333333333333,10.0557361111111,2,2.1
"Carolinensiel","Niedersachsen","Carolinensiel, Niedersachsen","(NI)",7.46666666666667,10.3,9.50959259259259,2,0.9
"Graal-Müritz","Mecklenburg-Vorpommern","Graal-Müritz, Mecklenburg-Vorpommern","(MV)",7.53333333333333,9.83333333333333,7.05723148148148,2,0.4
"Ahlbeck","Mecklenburg-Vorpommern","Ahlbeck, Mecklenburg-Vorpommern","(MV)",7.4,10.1666666666667,5.37020648148148,1,0.6
"Schönau am Königssee","Bayern","Schönau am Königssee, Bayern","(BY)",4.7,8.43333333333333,5.53261111111111,1,15.5
"Bad Schandau","Sachsen","Bad Schandau, Sachsen","(SN)",6.86666666666667,10.2333333333333,4.77176203703704,1,2.5
"Bad Zwischenahn","Niedersachsen","Bad Zwischenahn, Niedersachsen","(NI)",7.46666666666667,11.4333333333333,8.78562777777778,2,0.9
"Regensburg","Bayern","Regensburg, Bayern","(BY)",7.13333333333333,9.83333333333333,6.31123703703704,1,2.6
"Titisee-Neustadt","Baden-Württemberg","Titisee-Neustadt, Baden-Württemberg","(BW)",6.4,5.93333333333333,7.42495277777778,0,15
"Bernkastel-Kues","Rheinland-Pfalz","Bernkastel-Kues, Rheinland-Pfalz","(RP)",5.1,8.76666666666667,5.76425555555556,0,11.3
"Wilhelmshaven","Niedersachsen","Wilhelmshaven, Niedersachsen","(NI)",7.53333333333333,11.0333333333333,8.90857777777778,2,0.6
"Husum","Schleswig-Holstein","Husum, Schleswig-Holstein","(SH)",7.46666666666667,9.46666666666667,8.79713240740741,2,0.6
"Dortmund","Nordrhein-Westfalen","Dortmund, Nordrhein-Westfalen","(NW)",4.1,9.03333333333333,6.96392592592593,0,11.2
"Neuharlingersiel","Niedersachsen","Neuharlingersiel, Niedersachsen","(NI)",7.53333333333333,10.7,9.49142777777778,2,0.9
"Kassel","Hessen","Kassel, Hessen","(HE)",7.6,11.4666666666667,8.25503796296296,1,1.9
"Friedrichshafen","Baden-Württemberg","Friedrichshafen, Baden-Württemberg","(BW)",6.53333333333333,10.3,6.4007287037037,0,6.3
"Mainz","Rheinland-Pfalz","Mainz, Rheinland-Pfalz","(RP)",7.6,12.9333333333333,7.00637962962963,2,0.3
"Helgoland","Schleswig-Holstein","Helgoland, Schleswig-Holstein","(SH)",7.46666666666667,6.53333333333333,9.25381203703704,2,0.6
"Mannheim","Baden-Württemberg","Mannheim, Baden-Württemberg","(BW)",7.73333333333333,12.7666666666667,6.51012592592593,2,0.9
"Überlingen","Baden-Württemberg","Überlingen, Baden-Württemberg","(BW)",6.93333333333333,10.3333333333333,6.07174814814815,0,2.8
"Bansin","Mecklenburg-Vorpommern","Bansin, Mecklenburg-Vorpommern","(MV)",7.4,10.1666666666667,5.37020648148148,1,0.6
"Bensersiel","Niedersachsen","Bensersiel, Niedersachsen","(NI)",5.5,8.03333333333333,9.50895277777778,1,6.3
"Bonn","Nordrhein-Westfalen","Bonn, Nordrhein-Westfalen","(NW)",4.06666666666667,8.86666666666667,6.21436481481481,0,6.3
"Karlsruhe","Baden-Württemberg","Karlsruhe, Baden-Württemberg","(BW)",7.6,12.6,7.52512777777778,2,1.7
"Aachen","Nordrhein-Westfalen","Aachen, Nordrhein-Westfalen","(NW)",2.8,8,2.95344537037037,0,11.9
"Passau","Bayern","Passau, Bayern","(BY)",6.93333333333333,9.76666666666667,7.31539814814815,1,4.5
"Flensburg","Schleswig-Holstein","Flensburg, Schleswig-Holstein","(SH)",7.33333333333333,10.4,8.196575,2,0.6
"Wiesbaden","Hessen","Wiesbaden, Hessen","(HE)",7.6,11.1333333333333,7.15338333333333,2,0.6
"Quedlinburg","Sachsen-Anhalt","Quedlinburg, Sachsen-Anhalt","(ST)",7.33333333333333,11.3333333333333,6.60356851851852,2,0.9
"Magdeburg","Sachsen-Anhalt","Magdeburg, Sachsen-Anhalt","(ST)",7.86666666666667,12.3,8.93030925925926,2,0.6
"Bad Reichenhall","Bayern","Bad Reichenhall, Bayern","(BY)",4.63333333333333,8.96666666666667,5.20502037037037,1,14.9
"Goslar","Niedersachsen","Goslar, Niedersachsen","(NI)",7.46666666666667,11.5666666666667,8.10254722222222,2,1.6
"Prerow","Mecklenburg-Vorpommern","Prerow, Mecklenburg-Vorpommern","(MV)",7.73333333333333,10.6,7.05188333333333,2,0.4
"Baden-Baden","Baden-Württemberg","Baden-Baden, Baden-Württemberg","(BW)",7.53333333333333,12.8,8.28417407407407,2,2.2
"Augsburg","Bayern","Augsburg, Bayern","(BY)",6.8,8.63333333333333,6.57813611111111,1,7.1
"Eckernförde","Schleswig-Holstein","Eckernförde, Schleswig-Holstein","(SH)",7.53333333333333,11.5666666666667,8.35466296296296,2,0.6
"Edersee","Hessen","Edersee, Hessen","(HE)",7.53333333333333,11.0666666666667,9.20269166666667,1,1.2
"Rust","Baden-Württemberg","Rust, Baden-Württemberg","(BW)",7.53333333333333,12.1333333333333,8.31258425925926,0,3.6
"Willingen","Hessen","Willingen, Hessen","(HE)",6.86666666666667,7.06666666666667,8.24553888888889,0,2.9
"Emden","Niedersachsen","Emden, Niedersachsen","(NI)",5.06666666666667,8.9,10.0811361111111,1,7
"Göttingen","Niedersachsen","Göttingen, Niedersachsen","(NI)",7.53333333333333,11.3666666666667,9.48095277777778,2,1.7
"Plau am See","Mecklenburg-Vorpommern","Plau am See, Mecklenburg-Vorpommern","(MV)",7.66666666666667,11.3333333333333,7.4710537037037,2,0.6
"Eisenach","Thüringen","Eisenach, Thüringen","(TH)",7.46666666666667,11.4333333333333,9.078525,1,2.4
"Wangerooge","Niedersachsen","Wangerooge, Niedersachsen","(NI)",7.53333333333333,10.4666666666667,9.21360555555556,2,0.9
"Winterberg","Nordrhein-Westfalen","Winterberg, Nordrhein-Westfalen","(NW)",6.86666666666667,7.33333333333333,8.44482685185185,0,2.8
"Rothenburg ob der Tauber","Bayern","Rothenburg ob der Tauber, Bayern","(BY)",7.2,9.83333333333333,7.07498518518519,0,2.4
"Ulm","Baden-Württemberg","Ulm, Baden-Württemberg","(BW)",6.93333333333333,9.26666666666667,6.71950185185185,0,1.1
"Bielefeld","Nordrhein-Westfalen","Bielefeld, Nordrhein-Westfalen","(NW)",7.26666666666667,12.0333333333333,7.49009259259259,2,1.2
"Bad Neuenahr-Ahrweiler","Rheinland-Pfalz","Bad Neuenahr-Ahrweiler, Rheinland-Pfalz","(RP)",4.2,8.2,6.88608796296296,0,11
"Schliersee","Bayern","Schliersee, Bayern","(BY)",5.43333333333333,7.43333333333333,6.59223796296296,1,18.7
"Essen","Nordrhein-Westfalen","Essen, Nordrhein-Westfalen","(NW)",3.33333333333333,9.26666666666667,5.87241481481481,1,12.4
"Monschau","Nordrhein-Westfalen","Monschau, Nordrhein-Westfalen","(NW)",2.83333333333333,5.73333333333333,3.11552685185185,0,11.6
"Fulda","Hessen","Fulda, Hessen","(HE)",7.2,10.4,7.77680277777778,1,2.4
"Ostseebad Sellin","Mecklenburg-Vorpommern","Ostseebad Sellin, Mecklenburg-Vorpommern","(MV)",7.6,8.46666666666667,6.97933425925926,2,0.2
"Osnabrück","Niedersachsen","Osnabrück, Niedersachsen","(NI)",7.26666666666667,11.2666666666667,7.91168148148148,1,1.5
"Braunschweig","Niedersachsen","Braunschweig, Niedersachsen","(NI)",7.66666666666667,12.6,8.76543055555556,2,0.7
"Mittenwald","Bayern","Mittenwald, Bayern","(BY)",5.6,6.86666666666667,6.74801018518519,1,21.6
"Lübbenau","Brandenburg","Lübbenau, Brandenburg","(BB)",7.4,11.8,5.09032037037037,1,0.9
"Marburg an der Lahn","Hessen","Marburg an der Lahn, Hessen","(HE)",7.73333333333333,10.7333333333333,8.82400555555556,1,2.1
"Dierhagen","Mecklenburg-Vorpommern","Dierhagen, Mecklenburg-Vorpommern","(MV)",7.53333333333333,9.83333333333333,7.05723148148148,2,0.4
"Oberstaufen","Bayern","Oberstaufen, Bayern","(BY)",5.93333333333333,7.2,5.85379074074074,0,19.7
"Bad Saarow","Brandenburg","Bad Saarow, Brandenburg","(BB)",7.33333333333333,11.4,5.41068611111111,1,1
"Burg (Spreewald)","Brandenburg","Burg (Spreewald), Brandenburg","(BB)",7.46666666666667,11.5333333333333,5.02615740740741,1,1.1
"Oldenburg","Niedersachsen","Oldenburg, Niedersachsen","(NI)",7.4,11.4666666666667,8.565825,2,0.6
"Duisburg","Nordrhein-Westfalen","Duisburg, Nordrhein-Westfalen","(NW)",3.56666666666667,9.36666666666667,4.89741759259259,1,11
"Sassnitz","Mecklenburg-Vorpommern","Sassnitz, Mecklenburg-Vorpommern","(MV)",7.73333333333333,9.73333333333333,7.88562037037037,2,0.4
"Greifswald","Mecklenburg-Vorpommern","Greifswald, Mecklenburg-Vorpommern","(MV)",7.53333333333333,11.5,7.45378981481482,2,0.6
"Heiligendamm","Mecklenburg-Vorpommern","Heiligendamm, Mecklenburg-Vorpommern","(MV)",7.66666666666667,9.3,7.74120648148148,2,0.5
"Kappeln","Schleswig-Holstein","Kappeln, Schleswig-Holstein","(SH)",7.66666666666667,11.0666666666667,7.98725555555555,2,0.6
"Norden","Niedersachsen","Norden, Niedersachsen","(NI)",4.63333333333333,8.06666666666667,9.06429907407407,1,7.4
"Rüdesheim am Rhein","Hessen","Rüdesheim am Rhein, Hessen","(HE)",7.33333333333333,10.7,6.85143425925926,2,0.6
"Dießen am Ammersee","Bayern","Dießen am Ammersee, Bayern","(BY)",6.4,8.4,7.05419537037037,1,8.6
"Halle an der Saale","Sachsen-Anhalt","Halle an der Saale, Sachsen-Anhalt","(ST)",7.6,11.7333333333333,5.78538518518519,2,0.3
"Schluchsee","Baden-Württemberg","Schluchsee, Baden-Württemberg","(BW)",6.4,5.23333333333333,7.42495277777778,0,15
"Darmstadt","Hessen","Darmstadt, Hessen","(HE)",7.6,12.9666666666667,7.41445925925926,2,0.9
"Saarbrücken","Saarland","Saarbrücken, Saarland","(SL)",7.66666666666667,11.2,8.16910462962963,2,1.2
"Rosenheim","Bayern","Rosenheim, Bayern","(BY)",5.53333333333333,10.1,7.36624814814815,1,9.4
"Celle","Niedersachsen","Celle, Niedersachsen","(NI)",7.66666666666667,12.5666666666667,8.49474907407407,2,0.6
"Speyer","Rheinland-Pfalz","Speyer, Rheinland-Pfalz","(RP)",7.66666666666667,12.6,7.72233055555556,2,0.9
"Traben-Trarbach","Rheinland-Pfalz","Traben-Trarbach, Rheinland-Pfalz","(RP)",5.1,8.66666666666667,5.76425555555556,0,11.3
"Horumersiel","Niedersachsen","Horumersiel, Niedersachsen","(NI)",7.46666666666667,10.5333333333333,9.20852222222222,2,1.2
"Bad Kissingen","Bayern","Bad Kissingen, Bayern","(BY)",7.6,11.0333333333333,7.90311296296296,2,0.6
"Bodenmais","Bayern","Bodenmais, Bayern","(BY)",6.4,7.83333333333333,6.96913148148148,1,9.6
"Braunlage","Niedersachsen","Braunlage, Niedersachsen","(NI)",7.06666666666667,8.93333333333333,8.48726666666667,0,2
"Herrsching am Ammersee","Bayern","Herrsching am Ammersee, Bayern","(BY)",6.4,8.36666666666667,7.05419537037037,1,8.6
"Kempten (Allgäu)","Bayern","Kempten (Allgäu), Bayern","(BY)",6.13333333333333,7.2,6.50786388888889,1,13.7
"Wyk auf Föhr","Schleswig-Holstein","Wyk auf Föhr, Schleswig-Holstein","(SH)",7.33333333333333,6.96666666666667,8.32438148148148,2,0.3
"Wuppertal","Nordrhein-Westfalen","Wuppertal, Nordrhein-Westfalen","(NW)",3.2,8.1,3.68025648148148,0,6.6
"Leiwen","Rheinland-Pfalz","Leiwen, Rheinland-Pfalz","(RP)",4.2,8.66666666666667,5.56975185185185,0,13.2
"Bayreuth","Bayern","Bayreuth, Bayern","(BY)",6.86666666666667,9.83333333333333,6.62317777777778,1,2.8
"Rheinsberg","Brandenburg","Rheinsberg, Brandenburg","(BB)",7.46666666666667,11.2666666666667,5.95088518518519,2,0.2
"Ingolstadt","Bayern","Ingolstadt, Bayern","(BY)",7.06666666666667,9.8,6.75448611111111,1,3
"Niendorf","Schleswig-Holstein","Niendorf, Schleswig-Holstein","(SH)",7.66666666666667,12.2333333333333,7.95029166666667,2,0.9
"Paderborn","Nordrhein-Westfalen","Paderborn, Nordrhein-Westfalen","(NW)",7.26666666666667,12.2,7.17944444444444,0,1.6
"Prien am Chiemsee","Bayern","Prien am Chiemsee, Bayern","(BY)",5.73333333333333,9.46666666666667,6.28071944444444,1,11.2
"Bad Kreuznach","Rheinland-Pfalz","Bad Kreuznach, Rheinland-Pfalz","(RP)",7.73333333333333,12.1333333333333,6.89800555555555,2,0.3
"Jena","Thüringen","Jena, Thüringen","(TH)",7,10.4666666666667,5.77606203703704,1,1.5
"Zell (Mosel)","Rheinland-Pfalz","Zell (Mosel), Rheinland-Pfalz","(RP)",4.56666666666667,9.13333333333333,6.25509537037037,0,9.8
"Pirna","Sachsen","Pirna, Sachsen","(SN)",7,11.6666666666667,5.25929722222222,1,2.3
"Bochum","Nordrhein-Westfalen","Bochum, Nordrhein-Westfalen","(NW)",3.8,9.13333333333333,5.10893333333333,1,10.6
"Laboe","Schleswig-Holstein","Laboe, Schleswig-Holstein","(SH)",7.6,11.4666666666667,8.29684444444445,2,0.9
"Chemnitz","Sachsen","Chemnitz, Sachsen","(SN)",6.6,9.96666666666667,6.01724537037037,1,2.5
"Grainau","Bayern","Grainau, Bayern","(BY)",6,7.56666666666667,6.7457962962963,1,22.6
"Limburg an der Lahn","Hessen","Limburg an der Lahn, Hessen","(HE)",7.46666666666667,11.7666666666667,7.24955,2,1.5
"Leer","Niedersachsen","Leer, Niedersachsen","(NI)",5.1,9,9.92104074074074,1,13.9
"Bad Harzburg","Niedersachsen","Bad Harzburg, Niedersachsen","(NI)",7.33333333333333,10.3,8.186075,2,1.8
"Hopfen am See","Bayern","Hopfen am See, Bayern","(BY)",6,5.96666666666667,6.82736111111111,1,19.2
"Hohwacht (Ostsee)","Schleswig-Holstein","Hohwacht (Ostsee), Schleswig-Holstein","(SH)",7.4,11.3,7.84278425925926,2,1.2
"Heilbronn","Baden-Württemberg","Heilbronn, Baden-Württemberg","(BW)",7.6,12.2666666666667,7.64612592592593,2,1.5
"Schwangau","Bayern","Schwangau, Bayern","(BY)",5.93333333333333,6.73333333333333,6.70120648148148,1,14.8
"Tegernsee","Bayern","Tegernsee, Bayern","(BY)",5.43333333333333,7.96666666666667,6.108,1,14.7
"Wustrow","Mecklenburg-Vorpommern","Wustrow, Mecklenburg-Vorpommern","(MV)",7.53333333333333,9.86666666666667,6.8897712962963,2,0.4
"Hildesheim","Niedersachsen","Hildesheim, Niedersachsen","(NI)",7.4,12.2666666666667,7.28260092592593,2,0.5
"Kurort Oybin","Sachsen","Kurort Oybin, Sachsen","(SN)",6.66666666666667,8.56666666666667,3.48491666666667,1,1.9
"Murnau am Staffelsee","Bayern","Murnau am Staffelsee, Bayern","(BY)",6.13333333333333,7.53333333333333,6.74813703703704,1,16.4
"Senftenberg","Brandenburg","Senftenberg, Brandenburg","(BB)",7.13333333333333,11.5333333333333,4.73826481481481,1,1.8
"Bad Salzuflen","Nordrhein-Westfalen","Bad Salzuflen, Nordrhein-Westfalen","(NW)",7.13333333333333,12.4333333333333,6.97773981481481,1,1.3
"Hann. Münden","Niedersachsen","Hann. Münden, Niedersachsen","(NI)",7.6,11.5333333333333,7.99346296296296,2,1.7
"Hagnau am Bodensee","Baden-Württemberg","Hagnau am Bodensee, Baden-Württemberg","(BW)",6.73333333333333,10.1666666666667,6.27764351851852,0,6.9
"Langenargen","Baden-Württemberg","Langenargen, Baden-Württemberg","(BW)",6.33333333333333,9.46666666666667,6.54403981481482,0,12.5
"Wolfsburg","Niedersachsen","Wolfsburg, Niedersachsen","(NI)",7.66666666666667,12.7333333333333,8.4948037037037,2,0.7
"Rerik","Mecklenburg-Vorpommern","Rerik, Mecklenburg-Vorpommern","(MV)",7.73333333333333,10.7,7.98717314814815,2,0.3
"Hameln","Niedersachsen","Hameln, Niedersachsen","(NI)",7.13333333333333,12.3,6.44569351851852,2,0.6
"Möhnesee","Nordrhein-Westfalen","Möhnesee, Nordrhein-Westfalen","(NW)",7.33333333333333,11.0333333333333,8.34086203703704,1,1.5
"Schillig","Niedersachsen","Schillig, Niedersachsen","(NI)",7.46666666666667,10.5333333333333,9.20852222222222,2,1.2
"Rathen","Sachsen","Rathen, Sachsen","(SN)",6.86666666666667,11.0666666666667,4.61375648148148,1,2.5
"Meißen","Sachsen","Meißen, Sachsen","(SN)",6.86666666666667,11.4333333333333,5.78348981481482,1,3.5
"Rottach-Egern","Bayern","Rottach-Egern, Bayern","(BY)",5.43333333333333,7.96666666666667,6.108,1,14.7
"Eltville am Rhein","Hessen","Eltville am Rhein, Hessen","(HE)",7.46666666666667,12.3,6.74721018518519,2,0.3
"Bad Muskau","Sachsen","Bad Muskau, Sachsen","(SN)",7.26666666666667,11.0333333333333,5.00381574074074,1,0.7
"Boppard","Rheinland-Pfalz","Boppard, Rheinland-Pfalz","(RP)",5.76666666666667,9.63333333333333,7.07352592592593,1,10.2
"Bad Tölz","Bayern","Bad Tölz, Bayern","(BY)",5.26666666666667,7.4,6.18757592592593,1,16.7
"Xanten","Nordrhein-Westfalen","Xanten, Nordrhein-Westfalen","(NW)",4.16666666666667,8.63333333333333,9.3205037037037,1,6.6
"Dahme","Schleswig-Holstein","Dahme, Schleswig-Holstein","(SH)",7.66666666666667,11.2333333333333,8.00371018518518,2,0.6
"Ruhpolding","Bayern","Ruhpolding, Bayern","(BY)",4.83333333333333,9.13333333333333,5.19525925925926,1,13.6
"Stade","Niedersachsen","Stade, Niedersachsen","(NI)",7.26666666666667,11.7666666666667,7.67823240740741,2,1.5
"Dangast","Niedersachsen","Dangast, Niedersachsen","(NI)",7.53333333333333,11.0333333333333,8.90857777777778,2,0.6
"Oberhausen","Nordrhein-Westfalen","Oberhausen, Nordrhein-Westfalen","(NW)",3.5,9.53333333333333,5.72061296296296,1,11
"Gießen","Hessen","Gießen, Hessen","(HE)",7.73333333333333,11.9,9.18387037037037,1,1.8
"Siegen","Nordrhein-Westfalen","Siegen, Nordrhein-Westfalen","(NW)",7.4,10.4666666666667,9.41364722222222,1,2.8
"Hüde (Dümmer)","Niedersachsen","Hüde (Dümmer), Niedersachsen","(NI)",7.33333333333333,11.8333333333333,7.59069814814815,2,1.2
"Tübingen","Baden-Württemberg","Tübingen, Baden-Württemberg","(BW)",7.26666666666667,11,7.63972037037037,0,2.9
"Schneverdingen (Lüneburger Heide)","Niedersachsen","Schneverdingen (Lüneburger Heide), Niedersachsen","(NI)",7.26666666666667,12,7.70664722222222,2,1.2
"Landshut","Bayern","Landshut, Bayern","(BY)",6.86666666666667,10.3666666666667,6.6507962962963,1,4.7
"Beilngries (Altmühltal)","Bayern","Beilngries (Altmühltal), Bayern","(BY)",6.86666666666667,9.33333333333333,6.3481712962963,1,3.9
"Oberwiesenthal","Sachsen","Oberwiesenthal, Sachsen","(SN)",6.4,6.16666666666667,6.44692222222222,1,4.4
"Baltrum","Niedersachsen","Baltrum, Niedersachsen","(NI)",4.63333333333333,7.86666666666667,9.46523055555556,1,6.5
"Langeoog","Niedersachsen","Langeoog, Niedersachsen","(NI)",5.5,7.86666666666667,9.46523055555556,1,6.5
"Spiekeroog","Niedersachsen","Spiekeroog, Niedersachsen","(NI)",7.46666666666667,10.3,9.50959259259259,2,0.9
"Amrum","Schleswig-Holstein","Amrum, Schleswig-Holstein","(SH)",7.4,7,8.3287212962963,2,0.3
"Pellworm","Schleswig-Holstein","Pellworm, Schleswig-Holstein","(SH)",7.4,7.53333333333333,8.97655277777778,2,0.3
"Tangermünde","Sachsen-Anhalt","Tangermünde, Sachsen-Anhalt","(ST)",7.73333333333333,12.3333333333333,8.48977685185185,2,0.6
"Kaiserslautern","Rheinland-Pfalz","Kaiserslautern, Rheinland-Pfalz","(RP)",7.66666666666667,10.7,7.60791481481482,2,0.6
"Neustadt an der Weinstraße","Rheinland-Pfalz","Neustadt an der Weinstraße, Rheinland-Pfalz","(RP)",7.53333333333333,12,7.41853055555555,2,1.2
"Meppen","Niedersachsen","Meppen, Niedersachsen","(NI)",4.63333333333333,9.56666666666667,8.71528611111111,1,10.3
"Wittenberge","Brandenburg","Wittenberge, Brandenburg","(BB)",7.86666666666667,12.1666666666667,9.05418055555556,2,0.4
"Frankfurt (Oder)","Brandenburg","Frankfurt (Oder), Brandenburg","(BB)",7.4,11.3,5.81116111111111,1,1.1
"Daun (Eifel)","Rheinland-Pfalz","Daun (Eifel), Rheinland-Pfalz","(RP)",4.63333333333333,6.06666666666667,5.2428962962963,0,12.4
"Fehmarn","Schleswig-Holstein","Fehmarn, Schleswig-Holstein","(SH)",7.53333333333333,9.4,7.34581851851852,2,0.6
"Hooksiel","Niedersachsen","Hooksiel, Niedersachsen","(NI)",7.53333333333333,10.8666666666667,9.22653981481481,2,1.2
"Tossens","Niedersachsen","Tossens, Niedersachsen","(NI)",7.53333333333333,10.8333333333333,8.88353055555556,2,0.6
"Dorum-Neufeld","Niedersachsen","Dorum-Neufeld, Niedersachsen","(NI)",7.2,8.73333333333333,8.45411388888889,2,0.9
"Nordstrand","Schleswig-Holstein","Nordstrand, Schleswig-Holstein","(SH)",7.4,8.46666666666667,8.91923425925926,2,0.3
"Glowe","Mecklenburg-Vorpommern","Glowe, Mecklenburg-Vorpommern","(MV)",7.66666666666667,9.2,7.51458796296296,2,0.4
"Baabe","Mecklenburg-Vorpommern","Baabe, Mecklenburg-Vorpommern","(MV)",7.6,8.53333333333333,6.97933425925926,2,0.2
"Thiessow","Mecklenburg-Vorpommern","Thiessow, Mecklenburg-Vorpommern","(MV)",7.73333333333333,10.6333333333333,7.58705648148148,3,0
"Lubmin","Mecklenburg-Vorpommern","Lubmin, Mecklenburg-Vorpommern","(MV)",7.66666666666667,10.1333333333333,7.4713712962963,2,0.2
"Reit im Winkl","Bayern","Reit im Winkl, Bayern","(BY)",5.6,8.83333333333333,6.24382685185185,1,18.3
"Oberammergau","Bayern","Oberammergau, Bayern","(BY)",5.93333333333333,5.53333333333333,6.91412037037037,1,21.4
"Bad Wiessee","Bayern","Bad Wiessee, Bayern","(BY)",5.43333333333333,7.96666666666667,6.108,1,14.7
"Lenggries","Bayern","Lenggries, Bayern","(BY)",5.33333333333333,7.63333333333333,6.18838611111111,1,14.7
"Dinkelsbühl","Bayern","Dinkelsbühl, Bayern","(BY)",7.13333333333333,9.33333333333333,7.07715185185185,1,1
"Schwäbisch Hall","Baden-Württemberg","Schwäbisch Hall, Baden-Württemberg","(BW)",7.13333333333333,10.7,7.65414722222222,0,2
"Plön","Schleswig-Holstein","Plön, Schleswig-Holstein","(SH)",7.4,11.7333333333333,7.68103333333333,2,1.5
"Malchow","Mecklenburg-Vorpommern","Malchow, Mecklenburg-Vorpommern","(MV)",7.66666666666667,11.3333333333333,7.48486944444444,2,0.6
"Mirow","Mecklenburg-Vorpommern","Mirow, Mecklenburg-Vorpommern","(MV)",7.33333333333333,11.1,5.80649166666667,2,0.4
"Neustrelitz","Mecklenburg-Vorpommern","Neustrelitz, Mecklenburg-Vorpommern","(MV)",7.4,11.0333333333333,5.9255962962963,2,0.2
"Neubrandenburg","Mecklenburg-Vorpommern","Neubrandenburg, Mecklenburg-Vorpommern","(MV)",7.6,11.3333333333333,6.64201851851852,2,0.2
"Bad Mergentheim","Baden-Württemberg","Bad Mergentheim, Baden-Württemberg","(BW)",7.46666666666667,11.5333333333333,7.23719074074074,1,1.7
"Bad Wimpfen","Baden-Württemberg","Bad Wimpfen, Baden-Württemberg","(BW)",7.53333333333333,11.8,7.61473796296296,2,1.4
"Saalfeld","Thüringen","Saalfeld, Thüringen","(TH)",7,10.5,5.7127287037037,1,1.5
"Wandlitz","Brandenburg","Wandlitz, Brandenburg","(BB)",7.33333333333333,11.0333333333333,4.09020925925926,2,0.4
"Ramsau","Bayern","Ramsau, Bayern","(BY)",4.83333333333333,8.63333333333333,5.5223537037037,1,15.2
"Born a. Darß","Mecklenburg-Vorpommern","Born a. Darß, Mecklenburg-Vorpommern","(MV)",7.6,9.43333333333333,7.11728055555556,2,0.4
"Putgarten","Mecklenburg-Vorpommern","Putgarten, Mecklenburg-Vorpommern","(MV)",7.66666666666667,9,7.40731851851852,2,0.4
