"Datum","Score","Höchst&shy;temperatur","Sonnen&shy;stunden","Niederschlags&shy;menge in mm","Regen&shy;stunden"
"04.02.2026",7.4,4.8,2.70205833333333,0,0
"05.02.2026",5.8,5.9,0,1.2,0
"06.02.2026",7.8,6.2,8.51068611111111,0,0
"07.02.2026",4,6.3,0,1.6,5
"08.02.2026",6.8,3.3,0.458627777777778,0,0
"09.02.2026",8,5.4,8.88371666666667,0,0
"10.02.2026",6.8,3.5,4.37060555555556,0.2,0
"11.02.2026",4.3,5.9,4.57735555555556,0.6,6
"12.02.2026",6.2,5.2,8.18708333333333,0.3,1
"13.02.2026",4.4,5.5,9.03305555555556,0,9
"14.02.2026",4.4,6,3.13014722222222,2.4,5
